sample,status,diameter_nm,energy_map,closure,reactive,theta_bri,N_react_umol_g,TOF_s_1,iterations,inventory_residual,charge_residual
A600,VALID,900,PAB,NEUTRAL,BRI,0.669792,9.08108,0.248869,12,7.1e-15,0.0e+00
A600,VALID,900,PAB,NEUTRAL,ISO_z2,0.669792,0.990178,2.28242,12,7.1e-15,0.0e+00
A600,INVALID,900,PAB,NEUTRAL,ISO_z4,0.669792,0.107966,20.9324,12,7.1e-15,0.0e+00
A600,INVALID,900,PAB,NEUTRAL,ISO_z8,0.669792,0.00128363,1760.63,12,7.1e-15,0.0e+00
R500,VALID,900,PAB,NEUTRAL,BRI,0.959793,13.0129,0.289712,12,-7.1e-15,0.0e+00
R500,INVALID,900,PAB,NEUTRAL,ISO_z2,0.959793,0.021037,179.208,12,-7.1e-15,0.0e+00
R500,INVALID,900,PAB,NEUTRAL,ISO_z4,0.959793,3.40089e-05,110853,12,-7.1e-15,0.0e+00
R500,INVALID,900,PAB,NEUTRAL,ISO_z8,0.959793,8.88814e-11,4.24161e+10,12,-7.1e-15,0.0e+00
R600,VALID,900,PAB,NEUTRAL,BRI,0.991963,13.4491,0.291469,10,2.6e-11,0.0e+00
R600,INVALID,900,PAB,NEUTRAL,ISO_z2,0.991963,0.000868682,4512.58,10,2.6e-11,0.0e+00
R600,INVALID,900,PAB,NEUTRAL,ISO_z4,0.991963,5.61085e-08,6.98647e+07,10,2.6e-11,0.0e+00
R600,INVALID,900,PAB,NEUTRAL,ISO_z8,0.991963,2.3408e-16,1.67464e+16,10,2.6e-11,0.0e+00
R800,VALID,900,PAB,NEUTRAL,BRI,0.996744,13.5139,0.148736,10,5.7e-14,0.0e+00
R800,INVALID,900,PAB,NEUTRAL,ISO_z2,0.996744,0.000143257,14030.7,10,5.7e-14,0.0e+00
R800,INVALID,900,PAB,NEUTRAL,ISO_z4,0.996744,1.51863e-09,1.32356e+09,10,5.7e-14,0.0e+00
R800,INVALID,900,PAB,NEUTRAL,ISO_z8,0.996744,1.70657e-19,1.1778e+19,10,5.7e-14,0.0e+00
R1000,VALID,900,PAB,NEUTRAL,BRI,0.999307,13.5487,0.00335088,8,0.0e+00,0.0e+00
R1000,INVALID,900,PAB,NEUTRAL,ISO_z2,0.999307,6.50182e-06,6982.66,8,0.0e+00,0.0e+00
R1000,INVALID,900,PAB,NEUTRAL,ISO_z4,0.999307,3.12013e-12,1.45507e+10,8,0.0e+00,0.0e+00
R1000,INVALID,900,PAB,NEUTRAL,ISO_z8,0.999307,7.18538e-25,6.31839e+22,8,0.0e+00,0.0e+00
A600,VALID,900,HAM,NEUTRAL,BRI,0.924966,12.5407,0.180213,13,1.8e-15,0.0e+00
A600,INVALID,900,HAM,NEUTRAL,ISO_z2,0.924966,0.0706062,32.0085,13,1.8e-15,0.0e+00
A600,INVALID,900,HAM,NEUTRAL,ISO_z4,0.924966,0.000397523,5685.21,13,1.8e-15,0.0e+00
A600,INVALID,900,HAM,NEUTRAL,ISO_z8,0.924966,1.26009e-08,1.79353e+08,13,1.8e-15,0.0e+00
R500,VALID,900,HAM,NEUTRAL,BRI,0.999739,13.5545,0.278136,12,6.4e-14,0.0e+00
R500,INVALID,900,HAM,NEUTRAL,ISO_z2,0.999739,9.21595e-07,4.09073e+06,12,6.4e-14,0.0e+00
R500,INVALID,900,HAM,NEUTRAL,ISO_z4,0.999739,6.26608e-14,6.01652e+13,12,6.4e-14,0.0e+00
R500,INVALID,900,HAM,NEUTRAL,ISO_z8,0.999739,2.89673e-28,1.30147e+28,12,6.4e-14,0.0e+00
R600,VALID,900,HAM,NEUTRAL,BRI,0.99996,13.5575,0.289138,10,4.3e-11,0.0e+00
R600,INVALID,900,HAM,NEUTRAL,ISO_z2,0.99996,2.18373e-08,1.79509e+08,10,4.3e-11,0.0e+00
R600,INVALID,900,HAM,NEUTRAL,ISO_z4,0.99996,3.51736e-17,1.11447e+17,10,4.3e-11,0.0e+00
R600,INVALID,900,HAM,NEUTRAL,ISO_z8,0.99996,9.12546e-35,4.29568e+34,10,4.3e-11,0.0e+00
R800,VALID,900,HAM,NEUTRAL,BRI,0.999984,13.5578,0.148254,10,-2.8e-14,0.0e+00
R800,INVALID,900,HAM,NEUTRAL,ISO_z2,0.999984,3.50536e-09,5.73408e+08,10,-2.8e-14,0.0e+00
R800,INVALID,900,HAM,NEUTRAL,ISO_z4,0.999984,9.06304e-19,2.2178e+18,10,-2.8e-14,0.0e+00
R800,INVALID,900,HAM,NEUTRAL,ISO_z8,0.999984,6.05839e-38,3.31771e+37,10,-2.8e-14,0.0e+00
R1000,VALID,900,HAM,NEUTRAL,BRI,0.999997,13.558,0.00334857,8,-1.1e-13,0.0e+00
R1000,INVALID,900,HAM,NEUTRAL,ISO_z2,0.999997,1.58413e-10,2.86593e+08,8,-1.1e-13,0.0e+00
R1000,INVALID,900,HAM,NEUTRAL,ISO_z4,0.999997,1.8509e-21,2.45286e+19,8,-1.1e-13,0.0e+00
R1000,INVALID,900,HAM,NEUTRAL,ISO_z8,0.999997,2.5268e-43,1.79674e+41,8,-1.1e-13,0.0e+00
A600,VALID,900,LI_SBR1,NEUTRAL,BRI,0.974982,13.2189,0.170968,14,-4.4e-13,0.0e+00
A600,INVALID,900,LI_SBR1,NEUTRAL,ISO_z2,0.974982,0.00827368,273.155,14,-4.4e-13,0.0e+00
A600,INVALID,900,LI_SBR1,NEUTRAL,ISO_z4,0.974982,5.17849e-06,436420,14,-4.4e-13,0.0e+00
A600,INVALID,900,LI_SBR1,NEUTRAL,ISO_z8,0.974982,2.02868e-12,1.11403e+12,14,-4.4e-13,0.0e+00
R500,VALID,900,LI_SBR1,NEUTRAL,BRI,0.99994,13.5573,0.27808,12,0.0e+00,0.0e+00
R500,INVALID,900,LI_SBR1,NEUTRAL,ISO_z2,0.99994,4.80665e-08,7.8433e+07,12,0.0e+00,0.0e+00
R500,INVALID,900,LI_SBR1,NEUTRAL,ISO_z4,0.99994,1.70417e-16,2.21222e+16,12,0.0e+00,0.0e+00
R500,INVALID,900,LI_SBR1,NEUTRAL,ISO_z8,0.99994,2.14217e-33,1.7599e+33,12,0.0e+00,0.0e+00
R600,VALID,900,LI_SBR1,NEUTRAL,BRI,0.99999,13.5579,0.28913,10,3.7e-11,0.0e+00
R600,INVALID,900,LI_SBR1,NEUTRAL,ISO_z2,0.99999,1.40753e-09,2.78501e+09,10,3.7e-11,0.0e+00
R600,INVALID,900,LI_SBR1,NEUTRAL,ISO_z4,0.99999,1.46125e-19,2.68263e+19,10,3.7e-11,0.0e+00
R600,INVALID,900,LI_SBR1,NEUTRAL,ISO_z8,0.99999,1.57491e-39,2.48902e+39,10,3.7e-11,0.0e+00
R800,VALID,900,LI_SBR1,NEUTRAL,BRI,0.999996,13.558,0.148252,10,0.0e+00,0.0e+00
R800,INVALID,900,LI_SBR1,NEUTRAL,ISO_z2,0.999996,2.28742e-10,8.78719e+09,10,0.0e+00,0.0e+00
R800,INVALID,900,LI_SBR1,NEUTRAL,ISO_z4,0.999996,3.85919e-21,5.20834e+20,10,0.0e+00,0.0e+00
R800,INVALID,900,LI_SBR1,NEUTRAL,ISO_z8,0.999996,1.09849e-42,1.82978e+42,10,0.0e+00,0.0e+00
R1000,VALID,900,LI_SBR1,NEUTRAL,BRI,0.999999,13.558,0.00334856,8,0.0e+00,0.0e+00
R1000,INVALID,900,LI_SBR1,NEUTRAL,ISO_z2,0.999999,1.05828e-11,4.28996e+09,8,0.0e+00,0.0e+00
R1000,INVALID,900,LI_SBR1,NEUTRAL,ISO_z4,0.999999,8.26053e-24,5.49601e+21,8,0.0e+00,0.0e+00
R1000,INVALID,900,LI_SBR1,NEUTRAL,ISO_z8,0.999999,5.03291e-48,9.02063e+45,8,0.0e+00,0.0e+00
A600,VALID,900,LI_L2,NEUTRAL,BRI,0.956611,12.9698,0.174251,13,1.8e-15,0.0e+00
A600,INVALID,900,LI_L2,NEUTRAL,ISO_z2,0.956611,0.0244174,92.5571,13,1.8e-15,0.0e+00
A600,INVALID,900,LI_L2,NEUTRAL,ISO_z4,0.956611,4.5969e-05,49163.6,13,1.8e-15,0.0e+00
A600,INVALID,900,LI_L2,NEUTRAL,ISO_z8,0.956611,1.62928e-10,1.38711e+10,13,1.8e-15,0.0e+00
R500,VALID,900,LI_L2,NEUTRAL,BRI,0.99943,13.5503,0.278222,11,1.4e-14,0.0e+00
R500,INVALID,900,LI_L2,NEUTRAL,ISO_z2,0.99943,4.39505e-06,857783,11,1.4e-14,0.0e+00
R500,INVALID,900,LI_L2,NEUTRAL,ISO_z4,0.99943,1.42553e-12,2.64462e+12,11,1.4e-14,0.0e+00
R500,INVALID,900,LI_L2,NEUTRAL,ISO_z8,0.99943,1.4997e-25,2.51383e+25,11,1.4e-14,0.0e+00
R600,VALID,900,LI_L2,NEUTRAL,BRI,0.999977,13.5577,0.289134,11,4.3e-14,0.0e+00
R600,INVALID,900,LI_L2,NEUTRAL,ISO_z2,0.999977,7.385e-09,5.30806e+08,11,4.3e-14,0.0e+00
R600,INVALID,900,LI_L2,NEUTRAL,ISO_z4,0.999977,4.02266e-18,9.7448e+17,11,4.3e-14,0.0e+00
R600,INVALID,900,LI_L2,NEUTRAL,ISO_z8,0.999977,1.19354e-36,3.28434e+36,11,4.3e-14,0.0e+00
R800,VALID,900,LI_L2,NEUTRAL,BRI,0.999995,13.558,0.148252,10,-2.8e-14,0.0e+00
R800,INVALID,900,LI_L2,NEUTRAL,ISO_z2,0.999995,3.96709e-10,5.06669e+09,10,-2.8e-14,0.0e+00
R800,INVALID,900,LI_L2,NEUTRAL,ISO_z4,0.999995,1.16078e-20,1.7316e+20,10,-2.8e-14,0.0e+00
R800,INVALID,900,LI_L2,NEUTRAL,ISO_z8,0.999995,9.93807e-42,2.02253e+41,10,-2.8e-14,0.0e+00
R1000,VALID,900,LI_L2,NEUTRAL,BRI,0.999999,13.558,0.00334856,8,-1.1e-13,0.0e+00
R1000,INVALID,900,LI_L2,NEUTRAL,ISO_z2,0.999999,1.18175e-11,3.84177e+09,8,-1.1e-13,0.0e+00
R1000,INVALID,900,LI_L2,NEUTRAL,ISO_z4,0.999999,1.03003e-23,4.40762e+21,8,-1.1e-13,0.0e+00
R1000,INVALID,900,LI_L2,NEUTRAL,ISO_z8,0.999999,7.82539e-48,5.80163e+45,8,-1.1e-13,0.0e+00
A600,VALID,900,LI_CONT_xi0.25,NEUTRAL,BRI,0.990385,13.4277,0.168309,13,-1.8e-15,0.0e+00
A600,INVALID,900,LI_CONT_xi0.25,NEUTRAL,ISO_z2,0.990385,0.00124124,1820.76,13,-1.8e-15,0.0e+00
A600,INVALID,900,LI_CONT_xi0.25,NEUTRAL,ISO_z4,0.990385,1.14739e-07,1.96969e+07,13,-1.8e-15,0.0e+00
A600,INVALID,900,LI_CONT_xi0.25,NEUTRAL,ISO_z8,0.990385,9.80434e-16,2.3051e+15,13,-1.8e-15,0.0e+00
R500,VALID,900,LI_CONT_xi0.25,NEUTRAL,BRI,0.999875,13.5564,0.278098,12,0.0e+00,0.0e+00
R500,INVALID,900,LI_CONT_xi0.25,NEUTRAL,ISO_z2,0.999875,2.12221e-07,1.77645e+07,12,0.0e+00,0.0e+00
R500,INVALID,900,LI_CONT_xi0.25,NEUTRAL,ISO_z4,0.999875,3.32227e-15,1.13477e+15,12,0.0e+00,0.0e+00
R500,INVALID,900,LI_CONT_xi0.25,NEUTRAL,ISO_z8,0.999875,8.14191e-31,4.63036e+30,12,0.0e+00,0.0e+00
R600,VALID,900,LI_CONT_xi0.25,NEUTRAL,BRI,0.999986,13.5579,0.289131,11,-1.4e-14,0.0e+00
R600,INVALID,900,LI_CONT_xi0.25,NEUTRAL,ISO_z2,0.999986,2.6367e-09,1.48671e+09,11,-1.4e-14,0.0e+00
R600,INVALID,900,LI_CONT_xi0.25,NEUTRAL,ISO_z4,0.999986,5.12779e-19,7.64462e+18,11,-1.4e-14,0.0e+00
R600,INVALID,900,LI_CONT_xi0.25,NEUTRAL,ISO_z8,0.999986,1.93941e-38,2.02124e+38,11,-1.4e-14,0.0e+00
R800,VALID,900,LI_CONT_xi0.25,NEUTRAL,BRI,0.999995,13.558,0.148252,10,5.7e-14,0.0e+00
R800,INVALID,900,LI_CONT_xi0.25,NEUTRAL,ISO_z2,0.999995,3.23225e-10,6.21859e+09,10,5.7e-14,0.0e+00
R800,INVALID,900,LI_CONT_xi0.25,NEUTRAL,ISO_z4,0.999995,7.70572e-21,2.60845e+20,10,5.7e-14,0.0e+00
R800,INVALID,900,LI_CONT_xi0.25,NEUTRAL,ISO_z8,0.999995,4.37956e-42,4.5895e+41,10,5.7e-14,0.0e+00
R1000,VALID,900,LI_CONT_xi0.25,NEUTRAL,BRI,0.999999,13.558,0.00334856,8,-1.1e-13,0.0e+00
R1000,INVALID,900,LI_CONT_xi0.25,NEUTRAL,ISO_z2,0.999999,1.19278e-11,3.80625e+09,8,-1.1e-13,0.0e+00
R1000,INVALID,900,LI_CONT_xi0.25,NEUTRAL,ISO_z4,0.999999,1.04935e-23,4.32649e+21,8,-1.1e-13,0.0e+00
R1000,INVALID,900,LI_CONT_xi0.25,NEUTRAL,ISO_z8,0.999999,8.12164e-48,5.59e+45,8,-1.1e-13,0.0e+00
A600,VALID,900,LI_CONT_xi0.5,NEUTRAL,BRI,0.917409,12.4383,0.181697,12,0.0e+00,0.0e+00
A600,INVALID,900,LI_CONT_xi0.5,NEUTRAL,ISO_z2,0.917409,0.0848442,26.6371,12,0.0e+00,0.0e+00
A600,INVALID,900,LI_CONT_xi0.5,NEUTRAL,ISO_z4,0.917409,0.00057874,3905.04,12,0.0e+00,0.0e+00
A600,INVALID,900,LI_CONT_xi0.5,NEUTRAL,ISO_z8,0.917409,2.69281e-08,8.39272e+07,12,0.0e+00,0.0e+00
R500,VALID,900,LI_CONT_xi0.5,NEUTRAL,BRI,0.997587,13.5253,0.278736,12,2.1e-14,0.0e+00
R500,INVALID,900,LI_CONT_xi0.5,NEUTRAL,ISO_z2,0.997587,7.87773e-05,47856.4,12,2.1e-14,0.0e+00
R500,INVALID,900,LI_CONT_xi0.5,NEUTRAL,ISO_z4,0.997587,4.58832e-10,8.21651e+09,12,2.1e-14,0.0e+00
R500,INVALID,900,LI_CONT_xi0.5,NEUTRAL,ISO_z8,0.997587,1.55654e-20,2.42204e+20,12,2.1e-14,0.0e+00
R600,VALID,900,LI_CONT_xi0.5,NEUTRAL,BRI,0.999962,13.5575,0.289138,11,-2.8e-14,0.0e+00
R600,INVALID,900,LI_CONT_xi0.5,NEUTRAL,ISO_z2,0.999962,1.99053e-08,1.96932e+08,11,-2.8e-14,0.0e+00
R600,INVALID,900,LI_CONT_xi0.5,NEUTRAL,ISO_z4,0.999962,2.92252e-17,1.34131e+17,11,-2.8e-14,0.0e+00
R600,INVALID,900,LI_CONT_xi0.5,NEUTRAL,ISO_z8,0.999962,6.29991e-35,6.22231e+34,11,-2.8e-14,0.0e+00
R800,VALID,900,LI_CONT_xi0.5,NEUTRAL,BRI,0.999993,13.558,0.148252,10,2.8e-14,0.0e+00
R800,INVALID,900,LI_CONT_xi0.5,NEUTRAL,ISO_z2,0.999993,7.23692e-10,2.77742e+09,10,2.8e-14,0.0e+00
R800,INVALID,900,LI_CONT_xi0.5,NEUTRAL,ISO_z4,0.999993,3.8629e-20,5.20334e+19,10,2.8e-14,0.0e+00
R800,INVALID,900,LI_CONT_xi0.5,NEUTRAL,ISO_z8,0.999993,1.10061e-40,1.82626e+40,10,2.8e-14,0.0e+00
R1000,VALID,900,LI_CONT_xi0.5,NEUTRAL,BRI,0.999999,13.558,0.00334856,8,4.5e-13,0.0e+00
R1000,INVALID,900,LI_CONT_xi0.5,NEUTRAL,ISO_z2,0.999999,1.45959e-11,3.11046e+09,8,4.5e-13,0.0e+00
R1000,INVALID,900,LI_CONT_xi0.5,NEUTRAL,ISO_z4,0.999999,1.57133e-23,2.88928e+21,8,4.5e-13,0.0e+00
R1000,INVALID,900,LI_CONT_xi0.5,NEUTRAL,ISO_z8,0.999999,1.82111e-47,2.49298e+45,8,4.5e-13,0.0e+00
A600,VALID,900,LI_CONT_xi1,NEUTRAL,BRI,0.723301,9.80656,0.230458,12,3.6e-15,0.0e+00
A600,VALID,900,LI_CONT_xi1,NEUTRAL,ISO_z2,0.723301,0.750813,3.01007,12,3.6e-15,0.0e+00
A600,INVALID,900,LI_CONT_xi1,NEUTRAL,ISO_z4,0.723301,0.0574839,39.3153,12,3.6e-15,0.0e+00
A600,INVALID,900,LI_CONT_xi1,NEUTRAL,ISO_z8,0.723301,0.000336958,6707.06,12,3.6e-15,0.0e+00
R500,VALID,900,LI_CONT_xi1,NEUTRAL,BRI,0.964453,13.0761,0.288312,11,1.4e-14,0.0e+00
R500,INVALID,900,LI_CONT_xi1,NEUTRAL,ISO_z2,0.964453,0.0165225,228.174,11,1.4e-14,0.0e+00
R500,INVALID,900,LI_CONT_xi1,NEUTRAL,ISO_z4,0.964453,2.08772e-05,180580,11,1.4e-14,0.0e+00
R500,INVALID,900,LI_CONT_xi1,NEUTRAL,ISO_z8,0.964453,3.33323e-11,1.13104e+11,11,1.4e-14,0.0e+00
R600,VALID,900,LI_CONT_xi1,NEUTRAL,BRI,0.999305,13.5486,0.289328,11,2.8e-14,0.0e+00
R600,INVALID,900,LI_CONT_xi1,NEUTRAL,ISO_z2,0.999305,6.55e-06,598473,11,2.8e-14,0.0e+00
R600,INVALID,900,LI_CONT_xi1,NEUTRAL,ISO_z4,0.999305,3.16655e-12,1.23794e+12,11,2.8e-14,0.0e+00
R600,INVALID,900,LI_CONT_xi1,NEUTRAL,ISO_z8,0.999305,7.40079e-25,5.29673e+24,11,2.8e-14,0.0e+00
R800,VALID,900,LI_CONT_xi1,NEUTRAL,BRI,0.999976,13.5577,0.148255,10,3.5e-11,0.0e+00
R800,INVALID,900,LI_CONT_xi1,NEUTRAL,ISO_z2,0.999976,7.63282e-09,2.63336e+08,10,3.5e-11,0.0e+00
R800,INVALID,900,LI_CONT_xi1,NEUTRAL,ISO_z4,0.999976,4.29717e-18,4.67749e+17,10,3.5e-11,0.0e+00
R800,INVALID,900,LI_CONT_xi1,NEUTRAL,ISO_z8,0.999976,1.36201e-36,1.47577e+36,10,3.5e-11,0.0e+00
R1000,VALID,900,LI_CONT_xi1,NEUTRAL,BRI,0.999999,13.558,0.00334857,8,5.6e-12,0.0e+00
R1000,INVALID,900,LI_CONT_xi1,NEUTRAL,ISO_z2,0.999999,2.2756e-11,1.99508e+09,8,5.6e-12,0.0e+00
R1000,INVALID,900,LI_CONT_xi1,NEUTRAL,ISO_z4,0.999999,3.81939e-23,1.18867e+21,8,5.6e-12,0.0e+00
R1000,INVALID,900,LI_CONT_xi1,NEUTRAL,ISO_z8,0.999999,1.07595e-46,4.21954e+44,8,5.6e-12,0.0e+00
A600,VALID,900,PAB,LOCAL,BRI,0.0403244,0.546721,4.13374,11,-2.5e-14,2.5e-14
A600,VALID,900,PAB,LOCAL,ISO_z2,0.0403244,0.503517,4.48842,11,-2.5e-14,2.5e-14
A600,VALID,900,PAB,LOCAL,ISO_z4,0.0403244,0.463728,4.87355,11,-2.5e-14,2.5e-14
A600,VALID,900,PAB,LOCAL,ISO_z8,0.0403244,0.393334,5.74576,11,-2.5e-14,2.5e-14
R500,VALID,900,PAB,LOCAL,BRI,0.102503,1.38975,2.71272,10,0.0e+00,1.1e-13
R500,VALID,900,PAB,LOCAL,ISO_z2,0.102503,1.11944,3.36775,10,0.0e+00,1.1e-13
R500,VALID,900,PAB,LOCAL,ISO_z4,0.102503,0.90171,4.18094,10,0.0e+00,1.1e-13
R500,VALID,900,PAB,LOCAL,ISO_z8,0.102503,0.585057,6.44381,10,0.0e+00,1.1e-13
R600,VALID,900,PAB,LOCAL,BRI,0.221594,3.00439,1.30476,9,2.8e-14,8.5e-14
R600,VALID,900,PAB,LOCAL,ISO_z2,0.221594,1.82041,2.15337,9,2.8e-14,8.5e-14
R600,VALID,900,PAB,LOCAL,ISO_z4,0.221594,1.10301,3.55391,9,2.8e-14,8.5e-14
R600,VALID,900,PAB,LOCAL,ISO_z8,0.221594,0.404953,9.68014,9,2.8e-14,8.5e-14
R800,VALID,900,PAB,LOCAL,BRI,0.357693,4.84963,0.414465,8,0.0e+00,5.7e-14
R800,VALID,900,PAB,LOCAL,ISO_z2,0.357693,2.00075,1.00462,8,0.0e+00,5.7e-14
R800,VALID,900,PAB,LOCAL,ISO_z4,0.357693,0.825426,2.43511,8,0.0e+00,5.7e-14
R800,VALID,900,PAB,LOCAL,ISO_z8,0.357693,0.140491,14.307,8,0.0e+00,5.7e-14
R1000,VALID,900,PAB,LOCAL,BRI,0.613463,8.31738,0.00545845,6,-5.2e-11,3.0e-10
R1000,VALID,900,PAB,LOCAL,ISO_z2,0.613463,1.2427,0.0365333,6,-5.2e-11,3.0e-10
R1000,VALID,900,PAB,LOCAL,ISO_z4,0.613463,0.185673,0.244516,6,-5.2e-11,3.0e-10
R1000,INVALID,900,PAB,LOCAL,ISO_z8,0.613463,0.00414487,10.9533,6,-5.2e-11,3.0e-10
A600,VALID,900,HAM,LOCAL,BRI,0.187991,2.54879,0.886695,11,1.2e-14,1.8e-14
A600,VALID,900,HAM,LOCAL,ISO_z2,0.187991,1.68057,1.34478,11,1.2e-14,1.8e-14
A600,VALID,900,HAM,LOCAL,ISO_z4,0.187991,1.1081,2.03953,11,1.2e-14,1.8e-14
A600,VALID,900,HAM,LOCAL,ISO_z8,0.187991,0.48175,4.69123,11,1.2e-14,1.8e-14
R500,VALID,900,HAM,LOCAL,BRI,0.399737,5.41966,0.695616,10,-2.1e-14,5.7e-14
R500,VALID,900,HAM,LOCAL,ISO_z2,0.399737,1.95279,1.93057,10,-2.1e-14,5.7e-14
R500,VALID,900,HAM,LOCAL,ISO_z4,0.399737,0.70362,5.358,10,-2.1e-14,5.7e-14
R500,INVALID,900,HAM,LOCAL,ISO_z8,0.399737,0.0913492,41.2702,10,-2.1e-14,5.7e-14
R600,VALID,900,HAM,LOCAL,BRI,0.640962,8.6902,0.451083,9,4.3e-14,2.8e-14
R600,VALID,900,HAM,LOCAL,ISO_z2,0.640962,1.12024,3.49925,9,4.3e-14,2.8e-14
R600,VALID,900,HAM,LOCAL,ISO_z4,0.640962,0.144409,27.1452,9,4.3e-14,2.8e-14
R600,INVALID,900,HAM,LOCAL,ISO_z8,0.640962,0.0023997,1633.54,9,4.3e-14,2.8e-14
R800,VALID,900,HAM,LOCAL,BRI,0.785398,10.6485,0.188759,8,-2.8e-14,1.1e-13
R800,VALID,900,HAM,LOCAL,ISO_z2,0.785398,0.490405,4.09865,8,-2.8e-14,1.1e-13
R800,INVALID,900,HAM,LOCAL,ISO_z4,0.785398,0.0225852,88.9965,8,-2.8e-14,1.1e-13
R800,INVALID,900,HAM,LOCAL,ISO_z8,0.785398,4.79026e-05,41960.1,8,-2.8e-14,1.1e-13
R1000,VALID,900,HAM,LOCAL,BRI,0.907953,12.3101,0.00368803,6,-5.9e-11,3.5e-10
R1000,INVALID,900,HAM,LOCAL,ISO_z2,0.907953,0.104298,0.43529,6,-5.9e-11,3.5e-10
R1000,INVALID,900,HAM,LOCAL,ISO_z4,0.907953,0.000883676,51.3763,6,-5.9e-11,3.5e-10
R1000,INVALID,900,HAM,LOCAL,ISO_z8,0.907953,6.34344e-08,715700,6,-5.9e-11,3.5e-10
A600,VALID,900,LI_SBR1,LOCAL,BRI,0.251322,3.40744,0.663255,11,-7.1e-15,0.0e+00
A600,VALID,900,LI_SBR1,LOCAL,ISO_z2,0.251322,1.90993,1.18329,11,-7.1e-15,0.0e+00
A600,VALID,900,LI_SBR1,LOCAL,ISO_z4,0.251322,1.07055,2.11106,11,-7.1e-15,0.0e+00
A600,VALID,900,LI_SBR1,LOCAL,ISO_z8,0.251322,0.336348,6.71922,11,-7.1e-15,0.0e+00
R500,VALID,900,LI_SBR1,LOCAL,BRI,0.50151,6.79951,0.554452,10,-1.4e-14,5.0e-14
R500,VALID,900,LI_SBR1,LOCAL,ISO_z2,0.50151,1.68962,2.23127,10,-1.4e-14,5.0e-14
R500,VALID,900,LI_SBR1,LOCAL,ISO_z4,0.50151,0.419858,8.97923,10,-1.4e-14,5.0e-14
R500,INVALID,900,LI_SBR1,LOCAL,ISO_z8,0.50151,0.0259255,145.417,10,-1.4e-14,5.0e-14
R600,VALID,900,LI_SBR1,LOCAL,BRI,0.738259,10.0094,0.391633,9,2.8e-14,1.4e-13
R600,VALID,900,LI_SBR1,LOCAL,ISO_z2,0.738259,0.685726,5.71657,9,2.8e-14,1.4e-13
R600,INVALID,900,LI_SBR1,LOCAL,ISO_z4,0.738259,0.046978,83.4433,9,2.8e-14,1.4e-13
R600,INVALID,900,LI_SBR1,LOCAL,ISO_z8,0.738259,0.000220487,17778.8,9,2.8e-14,1.4e-13
R800,VALID,900,LI_SBR1,LOCAL,BRI,0.859172,11.6487,0.172551,8,-2.8e-14,1.7e-13
R800,VALID,900,LI_SBR1,LOCAL,ISO_z2,0.859172,0.231022,8.70046,8,-2.8e-14,1.7e-13
R800,INVALID,900,LI_SBR1,LOCAL,ISO_z4,0.859172,0.00458173,438.699,8,-2.8e-14,1.7e-13
R800,INVALID,900,LI_SBR1,LOCAL,ISO_z8,0.859172,1.80211e-06,1.11536e+06,8,-2.8e-14,1.7e-13
R1000,VALID,900,LI_SBR1,LOCAL,BRI,0.959152,13.0042,0.00349117,6,-6.2e-11,3.7e-10
R1000,INVALID,900,LI_SBR1,LOCAL,ISO_z2,0.959152,0.0216983,2.09233,6,-6.2e-11,3.7e-10
R1000,INVALID,900,LI_SBR1,LOCAL,ISO_z4,0.959152,3.62048e-05,1253.98,6,-6.2e-11,3.7e-10
R1000,INVALID,900,LI_SBR1,LOCAL,ISO_z8,0.959152,1.00797e-10,4.5041e+08,6,-6.2e-11,3.7e-10
A600,VALID,900,LI_L2,LOCAL,BRI,0.244276,3.31191,0.682386,11,1.6e-14,1.8e-14
A600,VALID,900,LI_L2,LOCAL,ISO_z2,0.244276,1.89149,1.19482,11,1.6e-14,1.8e-14
A600,VALID,900,LI_L2,LOCAL,ISO_z4,0.244276,1.08027,2.09207,11,1.6e-14,1.8e-14
A600,VALID,900,LI_L2,LOCAL,ISO_z8,0.244276,0.352358,6.41393,11,1.6e-14,1.8e-14
R500,VALID,900,LI_L2,LOCAL,BRI,0.491552,6.66449,0.565684,10,3.6e-14,7.8e-14
R500,VALID,900,LI_L2,LOCAL,ISO_z2,0.491552,1.7229,2.18817,10,3.6e-14,7.8e-14
R500,VALID,900,LI_L2,LOCAL,ISO_z4,0.491552,0.445403,8.46424,10,3.6e-14,7.8e-14
R500,INVALID,900,LI_L2,LOCAL,ISO_z8,0.491552,0.0297673,126.649,10,3.6e-14,7.8e-14
R600,VALID,900,LI_L2,LOCAL,BRI,0.731445,9.91697,0.395282,9,-2.8e-14,1.7e-13
R600,VALID,900,LI_L2,LOCAL,ISO_z2,0.731445,0.715232,5.48074,9,-2.8e-14,1.7e-13
R600,INVALID,900,LI_L2,LOCAL,ISO_z4,0.731445,0.0515839,75.9926,9,-2.8e-14,1.7e-13
R600,INVALID,900,LI_L2,LOCAL,ISO_z8,0.731445,0.000268318,14609.5,9,-2.8e-14,1.7e-13
R800,VALID,900,LI_L2,LOCAL,BRI,0.856862,11.6174,0.173016,8,8.5e-14,1.7e-13
R800,VALID,900,LI_L2,LOCAL,ISO_z2,0.856862,0.238022,8.44459,8,8.5e-14,1.7e-13
R800,INVALID,900,LI_L2,LOCAL,ISO_z4,0.856862,0.0048767,412.164,8,8.5e-14,1.7e-13
R800,INVALID,900,LI_L2,LOCAL,ISO_z8,0.856862,2.04712e-06,981866,8,8.5e-14,1.7e-13
R1000,VALID,900,LI_L2,LOCAL,BRI,0.965049,13.0842,0.00346984,6,2.2e-10,4.7e-10
R1000,INVALID,900,LI_L2,LOCAL,ISO_z2,0.965049,0.0159834,2.84044,6,2.2e-10,4.7e-10
R1000,INVALID,900,LI_L2,LOCAL,ISO_z4,0.965049,1.9525e-05,2325.22,6,2.2e-10,4.7e-10
R1000,INVALID,900,LI_L2,LOCAL,ISO_z8,0.965049,2.91365e-11,1.55818e+09,6,2.2e-10,4.7e-10
A600,VALID,900,LI_CONT_xi0.25,LOCAL,BRI,0.107415,1.45634,1.55183,18,-1.1e-11,4.3e-12
A600,VALID,900,LI_CONT_xi0.25,LOCAL,ISO_z2,0.107415,1.16028,1.94781,18,-1.1e-11,4.3e-12
A600,VALID,900,LI_CONT_xi0.25,LOCAL,ISO_z4,0.107415,0.924403,2.44482,18,-1.1e-11,4.3e-12
A600,VALID,900,LI_CONT_xi0.25,LOCAL,ISO_z8,0.107415,0.586758,3.85167,18,-1.1e-11,4.3e-12
R500,VALID,900,LI_CONT_xi0.25,LOCAL,BRI,0.180702,2.44997,1.5388,17,-2.2e-11,1.1e-11
R500,VALID,900,LI_CONT_xi0.25,LOCAL,ISO_z2,0.180702,1.64454,2.29243,17,-2.2e-11,1.1e-11
R500,VALID,900,LI_CONT_xi0.25,LOCAL,ISO_z4,0.180702,1.1039,3.41518,17,-2.2e-11,1.1e-11
R500,VALID,900,LI_CONT_xi0.25,LOCAL,ISO_z8,0.180702,0.497389,7.57959,17,-2.2e-11,1.1e-11
R600,VALID,900,LI_CONT_xi0.25,LOCAL,BRI,0.226492,3.07079,1.27654,10,1.1e-13,4.4e-16
R600,VALID,900,LI_CONT_xi0.25,LOCAL,ISO_z2,0.226492,1.8373,2.13357,10,1.1e-13,4.4e-16
R600,VALID,900,LI_CONT_xi0.25,LOCAL,ISO_z4,0.226492,1.09928,3.56596,10,1.1e-13,4.4e-16
R600,VALID,900,LI_CONT_xi0.25,LOCAL,ISO_z8,0.226492,0.393522,9.96132,10,1.1e-13,4.4e-16
R800,VALID,900,LI_CONT_xi0.25,LOCAL,BRI,0.241488,3.27411,0.613907,8,5.7e-14,7.8e-16
R800,VALID,900,LI_CONT_xi0.25,LOCAL,ISO_z2,0.241488,1.88373,1.06703,8,5.7e-14,7.8e-16
R800,VALID,900,LI_CONT_xi0.25,LOCAL,ISO_z4,0.241488,1.08378,1.85461,8,5.7e-14,7.8e-16
R800,VALID,900,LI_CONT_xi0.25,LOCAL,ISO_z8,0.241488,0.35875,5.60278,8,5.7e-14,7.8e-16
R1000,VALID,900,LI_CONT_xi0.25,LOCAL,BRI,0.249048,3.37661,0.0134454,6,-5.6e-11,6.7e-13
R1000,VALID,900,LI_CONT_xi0.25,LOCAL,ISO_z2,0.249048,1.90417,0.0238424,6,-5.6e-11,6.7e-13
R1000,VALID,900,LI_CONT_xi0.25,LOCAL,ISO_z4,0.249048,1.07381,0.0422792,6,-5.6e-11,6.7e-13
R1000,VALID,900,LI_CONT_xi0.25,LOCAL,ISO_z8,0.249048,0.34149,0.132947,6,-5.6e-11,6.7e-13
A600,VALID,900,LI_CONT_xi0.5,LOCAL,BRI,0.101318,1.37368,1.64522,18,-9.0e-12,4.4e-12
A600,VALID,900,LI_CONT_xi0.5,LOCAL,ISO_z2,0.101318,1.10942,2.0371,18,-9.0e-12,4.4e-12
A600,VALID,900,LI_CONT_xi0.5,LOCAL,ISO_z4,0.101318,0.896001,2.52232,18,-9.0e-12,4.4e-12
A600,VALID,900,LI_CONT_xi0.5,LOCAL,ISO_z8,0.101318,0.58443,3.86702,18,-9.0e-12,4.4e-12
R500,VALID,900,LI_CONT_xi0.5,LOCAL,BRI,0.175922,2.38516,1.58061,15,2.5e-11,1.4e-11
R500,VALID,900,LI_CONT_xi0.5,LOCAL,ISO_z2,0.175922,1.61977,2.32749,15,2.5e-11,1.4e-11
R500,VALID,900,LI_CONT_xi0.5,LOCAL,ISO_z4,0.175922,1.1,3.42729,15,2.5e-11,1.4e-11
R500,VALID,900,LI_CONT_xi0.5,LOCAL,ISO_z8,0.175922,0.507299,7.43151,15,2.5e-11,1.4e-11
R600,VALID,900,LI_CONT_xi0.5,LOCAL,BRI,0.224856,3.04861,1.28583,9,-2.8e-14,1.1e-16
R600,VALID,900,LI_CONT_xi0.5,LOCAL,ISO_z2,0.224856,1.83175,2.14003,9,-2.8e-14,1.1e-16
R600,VALID,900,LI_CONT_xi0.5,LOCAL,ISO_z4,0.224856,1.10061,3.56168,9,-2.8e-14,1.1e-16
R600,VALID,900,LI_CONT_xi0.5,LOCAL,ISO_z8,0.224856,0.397339,9.86564,9,-2.8e-14,1.1e-16
R800,VALID,900,LI_CONT_xi0.5,LOCAL,BRI,0.241026,3.26785,0.615084,8,8.5e-14,1.9e-16
R800,VALID,900,LI_CONT_xi0.5,LOCAL,ISO_z2,0.241026,1.88242,1.06778,8,8.5e-14,1.9e-16
R800,VALID,900,LI_CONT_xi0.5,LOCAL,ISO_z4,0.241026,1.08435,1.85365,8,8.5e-14,1.9e-16
R800,VALID,900,LI_CONT_xi0.5,LOCAL,ISO_z8,0.241026,0.359812,5.58624,8,8.5e-14,1.9e-16
R1000,VALID,900,LI_CONT_xi0.5,LOCAL,BRI,0.249025,3.37629,0.0134467,6,-7.3e-11,7.7e-13
R1000,VALID,900,LI_CONT_xi0.5,LOCAL,ISO_z2,0.249025,1.90411,0.0238432,6,-7.3e-11,7.7e-13
R1000,VALID,900,LI_CONT_xi0.5,LOCAL,ISO_z4,0.249025,1.07385,0.0422779,6,-7.3e-11,7.7e-13
R1000,VALID,900,LI_CONT_xi0.5,LOCAL,ISO_z8,0.249025,0.341543,0.132926,6,-7.3e-11,7.7e-13
A600,VALID,900,LI_CONT_xi1,LOCAL,BRI,0.090668,1.22928,1.83847,16,1.0e-11,4.2e-12
A600,VALID,900,LI_CONT_xi1,LOCAL,ISO_z2,0.090668,1.01648,2.22337,16,1.0e-11,4.2e-12
A600,VALID,900,LI_CONT_xi1,LOCAL,ISO_z4,0.090668,0.840508,2.68885,16,1.0e-11,4.2e-12
A600,VALID,900,LI_CONT_xi1,LOCAL,ISO_z8,0.090668,0.574687,3.93257,16,1.0e-11,4.2e-12
R500,VALID,900,LI_CONT_xi1,LOCAL,BRI,0.166473,2.25705,1.67032,14,2.6e-11,1.7e-11
R500,VALID,900,LI_CONT_xi1,LOCAL,ISO_z2,0.166473,1.56812,2.40415,14,2.6e-11,1.7e-11
R500,VALID,900,LI_CONT_xi1,LOCAL,ISO_z4,0.166473,1.08948,3.46036,14,2.6e-11,1.7e-11
R500,VALID,900,LI_CONT_xi1,LOCAL,ISO_z8,0.166473,0.525895,7.16873,14,2.6e-11,1.7e-11
R600,VALID,900,LI_CONT_xi1,LOCAL,BRI,0.221354,3.00114,1.30617,9,4.3e-14,2.8e-16
R600,VALID,900,LI_CONT_xi1,LOCAL,ISO_z2,0.221354,1.81956,2.15437,9,4.3e-14,2.8e-16
R600,VALID,900,LI_CONT_xi1,LOCAL,ISO_z4,0.221354,1.10318,3.55337,9,4.3e-14,2.8e-16
R600,VALID,900,LI_CONT_xi1,LOCAL,ISO_z8,0.221354,0.405513,9.66678,9,4.3e-14,2.8e-16
R800,VALID,900,LI_CONT_xi1,LOCAL,BRI,0.24003,3.25434,0.617637,8,2.8e-14,3.3e-16
R800,VALID,900,LI_CONT_xi1,LOCAL,ISO_z2,0.24003,1.87956,1.0694,8,2.8e-14,3.3e-16
R800,VALID,900,LI_CONT_xi1,LOCAL,ISO_z4,0.24003,1.08555,1.8516,8,2.8e-14,3.3e-16
R800,VALID,900,LI_CONT_xi1,LOCAL,ISO_z8,0.24003,0.362105,5.55087,8,2.8e-14,3.3e-16
R1000,VALID,900,LI_CONT_xi1,LOCAL,BRI,0.248976,3.37563,0.0134494,6,-1.2e-10,1.0e-12
R1000,VALID,900,LI_CONT_xi1,LOCAL,ISO_z2,0.248976,1.90398,0.0238448,6,-1.2e-10,1.0e-12
R1000,VALID,900,LI_CONT_xi1,LOCAL,ISO_z4,0.248976,1.07392,0.0422752,6,-1.2e-10,1.0e-12
R1000,VALID,900,LI_CONT_xi1,LOCAL,ISO_z8,0.248976,0.341654,0.132883,6,-1.2e-10,1.0e-12
A600,VALID,600,PAB,NEUTRAL,BRI,0.499502,10.1584,0.222475,12,-1.2e-14,0.0e+00
A600,VALID,600,PAB,NEUTRAL,ISO_z2,0.499502,2.54466,0.888133,12,-1.2e-14,0.0e+00
A600,VALID,600,PAB,NEUTRAL,ISO_z4,0.499502,0.637434,3.54547,12,-1.2e-14,0.0e+00
A600,INVALID,600,PAB,NEUTRAL,ISO_z8,0.499502,0.0399985,56.5021,12,-1.2e-14,0.0e+00
R500,VALID,600,PAB,NEUTRAL,BRI,0.911543,18.5381,0.203365,12,7.1e-15,0.0e+00
R500,INVALID,600,PAB,NEUTRAL,ISO_z2,0.911543,0.145055,25.9901,12,7.1e-15,0.0e+00
R500,INVALID,600,PAB,NEUTRAL,ISO_z4,0.911543,0.00113502,3321.54,12,7.1e-15,0.0e+00
R500,INVALID,600,PAB,NEUTRAL,ISO_z8,0.911543,6.94927e-08,5.42503e+07,12,7.1e-15,0.0e+00
R600,VALID,600,PAB,NEUTRAL,BRI,0.989893,20.1315,0.194719,11,-2.8e-14,0.0e+00
R600,INVALID,600,PAB,NEUTRAL,ISO_z2,0.989893,0.00205663,1906.04,11,-2.8e-14,0.0e+00
R600,INVALID,600,PAB,NEUTRAL,ISO_z4,0.989893,2.10104e-07,1.86575e+07,11,-2.8e-14,0.0e+00
R600,INVALID,600,PAB,NEUTRAL,ISO_z8,0.989893,2.19275e-15,1.78771e+15,11,-2.8e-14,0.0e+00
R800,VALID,600,PAB,NEUTRAL,BRI,0.996398,20.2638,0.0991915,10,2.8e-14,0.0e+00
R800,INVALID,600,PAB,NEUTRAL,ISO_z2,0.996398,0.000262915,7645.06,10,2.8e-14,0.0e+00
R800,INVALID,600,PAB,NEUTRAL,ISO_z4,0.996398,3.41121e-09,5.89234e+08,10,2.8e-14,0.0e+00
R800,INVALID,600,PAB,NEUTRAL,ISO_z8,0.996398,5.74243e-19,3.50026e+18,10,2.8e-14,0.0e+00
R1000,VALID,600,PAB,NEUTRAL,BRI,0.999287,20.3226,0.00223397,8,3.4e-13,0.0e+00
R1000,INVALID,600,PAB,NEUTRAL,ISO_z2,0.999287,1.03207e-05,4398.93,8,3.4e-13,0.0e+00
R1000,INVALID,600,PAB,NEUTRAL,ISO_z4,0.999287,5.24129e-12,8.66199e+09,8,3.4e-13,0.0e+00
R1000,INVALID,600,PAB,NEUTRAL,ISO_z8,0.999287,1.35175e-24,3.3586e+22,8,3.4e-13,0.0e+00
A600,VALID,600,HAM,NEUTRAL,BRI,0.650773,13.2348,0.170762,12,-5.4e-13,0.0e+00
A600,VALID,600,HAM,NEUTRAL,ISO_z2,0.650773,1.61411,1.40015,12,-5.4e-13,0.0e+00
A600,INVALID,600,HAM,NEUTRAL,ISO_z4,0.650773,0.196857,11.4804,12,-5.4e-13,0.0e+00
A600,INVALID,600,HAM,NEUTRAL,ISO_z8,0.650773,0.00292808,771.838,12,-5.4e-13,0.0e+00
R500,VALID,600,HAM,NEUTRAL,BRI,0.998081,20.2981,0.185732,12,-7.1e-15,0.0e+00
R500,INVALID,600,HAM,NEUTRAL,ISO_z2,0.998081,7.47802e-05,50414.4,12,-7.1e-15,0.0e+00
R500,INVALID,600,HAM,NEUTRAL,ISO_z4,0.998081,2.75499e-10,1.36843e+10,12,-7.1e-15,0.0e+00
R500,INVALID,600,HAM,NEUTRAL,ISO_z8,0.998081,3.73925e-21,1.00822e+21,12,-7.1e-15,0.0e+00
R600,VALID,600,HAM,NEUTRAL,BRI,0.999949,20.3361,0.192761,11,0.0e+00,0.0e+00
R600,INVALID,600,HAM,NEUTRAL,ISO_z2,0.999949,5.32923e-08,7.35565e+07,11,0.0e+00,0.0e+00
R600,INVALID,600,HAM,NEUTRAL,ISO_z4,0.999949,1.39657e-16,2.80688e+16,11,0.0e+00,0.0e+00
R600,INVALID,600,HAM,NEUTRAL,ISO_z8,0.999949,9.59089e-34,4.08721e+33,11,0.0e+00,0.0e+00
R800,VALID,600,HAM,NEUTRAL,BRI,0.999982,20.3367,0.0988359,10,0.0e+00,0.0e+00
R800,INVALID,600,HAM,NEUTRAL,ISO_z2,0.999982,6.45586e-09,3.11345e+08,10,0.0e+00,0.0e+00
R800,INVALID,600,HAM,NEUTRAL,ISO_z4,0.999982,2.0494e-18,9.80774e+17,10,0.0e+00,0.0e+00
R800,INVALID,600,HAM,NEUTRAL,ISO_z8,0.999982,2.06525e-37,9.73246e+36,10,0.0e+00,0.0e+00
R1000,VALID,600,HAM,NEUTRAL,BRI,0.999996,20.337,0.00223238,8,1.1e-13,0.0e+00
R1000,INVALID,600,HAM,NEUTRAL,ISO_z2,0.999996,2.52431e-10,1.79851e+08,8,1.1e-13,0.0e+00
R1000,INVALID,600,HAM,NEUTRAL,ISO_z4,0.999996,3.13328e-21,1.44896e+19,8,1.1e-13,0.0e+00
R1000,INVALID,600,HAM,NEUTRAL,ISO_z8,0.999996,4.82738e-43,9.40468e+40,8,1.1e-13,0.0e+00
A600,VALID,600,LI_SBR1,NEUTRAL,BRI,0.660524,13.4331,0.168241,15,0.0e+00,0.0e+00
A600,VALID,600,LI_SBR1,NEUTRAL,ISO_z2,0.660524,1.54809,1.45987,15,0.0e+00,0.0e+00
A600,INVALID,600,LI_SBR1,NEUTRAL,ISO_z4,0.660524,0.178407,12.6677,15,0.0e+00,0.0e+00
A600,INVALID,600,LI_SBR1,NEUTRAL,ISO_z8,0.660524,0.00236944,953.81,15,0.0e+00,0.0e+00
R500,VALID,600,LI_SBR1,NEUTRAL,BRI,0.99979,20.3328,0.185414,12,-7.1e-15,0.0e+00
R500,INVALID,600,LI_SBR1,NEUTRAL,ISO_z2,0.99979,8.93064e-07,4.22142e+06,12,-7.1e-15,0.0e+00
R500,INVALID,600,LI_SBR1,NEUTRAL,ISO_z4,0.99979,3.92254e-14,9.61112e+13,12,-7.1e-15,0.0e+00
R500,INVALID,600,LI_SBR1,NEUTRAL,ISO_z8,0.99979,7.56723e-29,4.98201e+28,12,-7.1e-15,0.0e+00
R600,VALID,600,LI_SBR1,NEUTRAL,BRI,0.999987,20.3368,0.192754,11,4.3e-14,0.0e+00
R600,INVALID,600,LI_SBR1,NEUTRAL,ISO_z2,0.999987,3.27416e-09,1.19725e+09,11,4.3e-14,0.0e+00
R600,INVALID,600,LI_SBR1,NEUTRAL,ISO_z4,0.999987,5.27128e-19,7.43652e+18,11,4.3e-14,0.0e+00
R600,INVALID,600,LI_SBR1,NEUTRAL,ISO_z8,0.999987,1.36631e-38,2.86904e+38,11,4.3e-14,0.0e+00
R800,VALID,600,LI_SBR1,NEUTRAL,BRI,0.999996,20.337,0.0988346,10,5.7e-14,0.0e+00
R800,INVALID,600,LI_SBR1,NEUTRAL,ISO_z2,0.999996,4.06224e-10,4.94801e+09,10,5.7e-14,0.0e+00
R800,INVALID,600,LI_SBR1,NEUTRAL,ISO_z4,0.999996,8.11418e-21,2.47715e+20,10,5.7e-14,0.0e+00
R800,INVALID,600,LI_SBR1,NEUTRAL,ISO_z8,0.999996,3.23744e-42,6.2086e+41,10,5.7e-14,0.0e+00
R1000,VALID,600,LI_SBR1,NEUTRAL,BRI,0.999999,20.3371,0.00223238,8,2.3e-13,0.0e+00
R1000,INVALID,600,LI_SBR1,NEUTRAL,ISO_z2,0.999999,1.64593e-11,2.75833e+09,8,2.3e-13,0.0e+00
R1000,INVALID,600,LI_SBR1,NEUTRAL,ISO_z4,0.999999,1.33208e-23,3.40819e+21,8,2.3e-13,0.0e+00
R1000,INVALID,600,LI_SBR1,NEUTRAL,ISO_z8,0.999999,8.72519e-48,5.20333e+45,8,2.3e-13,0.0e+00
A600,VALID,600,LI_L2,NEUTRAL,BRI,0.65827,13.3873,0.168817,13,-3.7e-12,0.0e+00
A600,VALID,600,LI_L2,NEUTRAL,ISO_z2,0.65827,1.56336,1.44561,13,-3.7e-12,0.0e+00
A600,INVALID,600,LI_L2,NEUTRAL,ISO_z4,0.65827,0.182567,12.379,13,-3.7e-12,0.0e+00
A600,INVALID,600,LI_L2,NEUTRAL,ISO_z8,0.65827,0.00248974,907.726,13,-3.7e-12,0.0e+00
R500,VALID,600,LI_L2,NEUTRAL,BRI,0.998417,20.3049,0.18567,12,-7.1e-15,0.0e+00
R500,INVALID,600,LI_L2,NEUTRAL,ISO_z2,0.998417,5.08933e-05,74076.5,12,-7.1e-15,0.0e+00
R500,INVALID,600,LI_L2,NEUTRAL,ISO_z4,0.998417,1.27562e-10,2.95543e+10,12,-7.1e-15,0.0e+00
R500,INVALID,600,LI_L2,NEUTRAL,ISO_z8,0.998417,8.01386e-22,4.70435e+21,12,-7.1e-15,0.0e+00
R600,VALID,600,LI_L2,NEUTRAL,BRI,0.99991,20.3353,0.192769,11,0.0e+00,0.0e+00
R600,INVALID,600,LI_L2,NEUTRAL,ISO_z2,0.99991,1.63679e-07,2.39494e+07,11,0.0e+00,0.0e+00
R600,INVALID,600,LI_L2,NEUTRAL,ISO_z4,0.99991,1.31745e-15,2.97545e+15,11,0.0e+00,0.0e+00
R600,INVALID,600,LI_L2,NEUTRAL,ISO_z8,0.99991,8.53527e-32,4.59271e+31,11,0.0e+00,0.0e+00
R800,VALID,600,LI_L2,NEUTRAL,BRI,0.999993,20.3369,0.0988349,10,-2.8e-14,0.0e+00
R800,INVALID,600,LI_L2,NEUTRAL,ISO_z2,0.999993,1.09151e-09,1.84148e+09,10,-2.8e-14,0.0e+00
R800,INVALID,600,LI_L2,NEUTRAL,ISO_z4,0.999993,5.85831e-20,3.43102e+19,10,-2.8e-14,0.0e+00
R800,INVALID,600,LI_L2,NEUTRAL,ISO_z8,0.999993,1.68756e-40,1.19107e+40,10,-2.8e-14,0.0e+00
R1000,VALID,600,LI_L2,NEUTRAL,BRI,0.999999,20.3371,0.00223238,8,-1.1e-13,0.0e+00
R1000,INVALID,600,LI_L2,NEUTRAL,ISO_z2,0.999999,1.95259e-11,2.32511e+09,8,-1.1e-13,0.0e+00
R1000,INVALID,600,LI_L2,NEUTRAL,ISO_z4,0.999999,1.87471e-23,2.4217e+21,8,-1.1e-13,0.0e+00
R1000,INVALID,600,LI_L2,NEUTRAL,ISO_z8,0.999999,1.72815e-47,2.62709e+45,8,-1.1e-13,0.0e+00
A600,VALID,600,LI_CONT_xi0.25,NEUTRAL,BRI,0.961313,19.5503,0.115599,12,8.9e-15,0.0e+00
A600,INVALID,600,LI_CONT_xi0.25,NEUTRAL,ISO_z2,0.961313,0.0292604,77.2375,12,8.9e-15,0.0e+00
A600,INVALID,600,LI_CONT_xi0.25,NEUTRAL,ISO_z4,0.961313,4.37932e-05,51606.2,12,8.9e-15,0.0e+00
A600,INVALID,600,LI_CONT_xi0.25,NEUTRAL,ISO_z8,0.961313,9.80979e-11,2.30382e+10,12,8.9e-15,0.0e+00
R500,VALID,600,LI_CONT_xi0.25,NEUTRAL,BRI,0.999388,20.3246,0.185489,12,-7.1e-15,0.0e+00
R500,INVALID,600,LI_CONT_xi0.25,NEUTRAL,ISO_z2,0.999388,7.62192e-06,494626,12,-7.1e-15,0.0e+00
R500,INVALID,600,LI_CONT_xi0.25,NEUTRAL,ISO_z4,0.999388,2.85829e-12,1.31897e+12,12,-7.1e-15,0.0e+00
R500,INVALID,600,LI_CONT_xi0.25,NEUTRAL,ISO_z8,0.999388,4.01965e-25,9.37892e+24,12,-7.1e-15,0.0e+00
R600,VALID,600,LI_CONT_xi0.25,NEUTRAL,BRI,0.999978,20.3366,0.192755,11,0.0e+00,0.0e+00
R600,INVALID,600,LI_CONT_xi0.25,NEUTRAL,ISO_z2,0.999978,9.66581e-09,4.05553e+08,11,0.0e+00,0.0e+00
R600,INVALID,600,LI_CONT_xi0.25,NEUTRAL,ISO_z4,0.999978,4.59406e-18,8.53275e+17,11,0.0e+00,0.0e+00
R600,INVALID,600,LI_CONT_xi0.25,NEUTRAL,ISO_z8,0.999978,1.0378e-36,3.77722e+36,11,0.0e+00,0.0e+00
R800,VALID,600,LI_CONT_xi0.25,NEUTRAL,BRI,0.999994,20.337,0.0988348,10,-8.5e-14,0.0e+00
R800,INVALID,600,LI_CONT_xi0.25,NEUTRAL,ISO_z2,0.999994,7.08544e-10,2.8368e+09,10,-8.5e-14,0.0e+00
R800,INVALID,600,LI_CONT_xi0.25,NEUTRAL,ISO_z4,0.999994,2.46858e-20,8.14233e+19,10,-8.5e-14,0.0e+00
R800,INVALID,600,LI_CONT_xi0.25,NEUTRAL,ISO_z8,0.999994,2.99646e-41,6.70792e+40,10,-8.5e-14,0.0e+00
R1000,VALID,600,LI_CONT_xi0.25,NEUTRAL,BRI,0.999999,20.3371,0.00223238,8,0.0e+00,0.0e+00
R1000,INVALID,600,LI_CONT_xi0.25,NEUTRAL,ISO_z2,0.999999,1.97614e-11,2.29741e+09,8,0.0e+00,0.0e+00
R1000,INVALID,600,LI_CONT_xi0.25,NEUTRAL,ISO_z4,0.999999,1.92021e-23,2.36433e+21,8,0.0e+00,0.0e+00
R1000,INVALID,600,LI_CONT_xi0.25,NEUTRAL,ISO_z8,0.999999,1.81304e-47,2.50408e+45,8,0.0e+00,0.0e+00
A600,VALID,600,LI_CONT_xi0.5,NEUTRAL,BRI,0.816751,16.6103,0.13606,12,7.1e-15,0.0e+00
A600,VALID,600,LI_CONT_xi0.5,NEUTRAL,ISO_z2,0.816751,0.557778,4.05179,12,7.1e-15,0.0e+00
A600,INVALID,600,LI_CONT_xi0.5,NEUTRAL,ISO_z4,0.816751,0.0187303,120.66,12,7.1e-15,0.0e+00
A600,INVALID,600,LI_CONT_xi0.5,NEUTRAL,ISO_z8,0.816751,2.11207e-05,107004,12,7.1e-15,0.0e+00
R500,VALID,600,LI_CONT_xi0.5,NEUTRAL,BRI,0.986557,20.0637,0.187902,11,2.1e-12,0.0e+00
R500,INVALID,600,LI_CONT_xi0.5,NEUTRAL,ISO_z2,0.986557,0.00362588,1039.75,11,2.1e-12,0.0e+00
R500,INVALID,600,LI_CONT_xi0.5,NEUTRAL,ISO_z4,0.986557,6.55265e-07,5.7534e+06,11,2.1e-12,0.0e+00
R500,INVALID,600,LI_CONT_xi0.5,NEUTRAL,ISO_z8,0.986557,2.14004e-14,1.76165e+14,11,2.1e-12,0.0e+00
R600,VALID,600,LI_CONT_xi0.5,NEUTRAL,BRI,0.999836,20.3338,0.192783,11,2.3e-13,0.0e+00
R600,INVALID,600,LI_CONT_xi0.5,NEUTRAL,ISO_z2,0.999836,5.47818e-07,7.15566e+06,11,2.3e-13,0.0e+00
R600,INVALID,600,LI_CONT_xi0.5,NEUTRAL,ISO_z4,0.999836,1.47589e-14,2.65602e+14,11,2.3e-13,0.0e+00
R600,INVALID,600,LI_CONT_xi0.5,NEUTRAL,ISO_z8,0.999836,1.07125e-29,3.65926e+29,11,2.3e-13,0.0e+00
R800,VALID,600,LI_CONT_xi0.5,NEUTRAL,BRI,0.999988,20.3368,0.0988354,10,1.4e-13,0.0e+00
R800,INVALID,600,LI_CONT_xi0.5,NEUTRAL,ISO_z2,0.999988,3.04469e-09,6.60166e+08,10,1.4e-13,0.0e+00
R800,INVALID,600,LI_CONT_xi0.5,NEUTRAL,ISO_z4,0.999988,4.55829e-19,4.40955e+18,10,1.4e-13,0.0e+00
R800,INVALID,600,LI_CONT_xi0.5,NEUTRAL,ISO_z8,0.999988,1.02169e-38,1.96732e+38,10,1.4e-13,0.0e+00
R1000,VALID,600,LI_CONT_xi0.5,NEUTRAL,BRI,0.999999,20.3371,0.00223238,8,8.0e-13,0.0e+00
R1000,INVALID,600,LI_CONT_xi0.5,NEUTRAL,ISO_z2,0.999999,2.71412e-11,1.67273e+09,8,8.0e-13,0.0e+00
R1000,INVALID,600,LI_CONT_xi0.5,NEUTRAL,ISO_z4,0.999999,3.62219e-23,1.25339e+21,8,8.0e-13,0.0e+00
R1000,INVALID,600,LI_CONT_xi0.5,NEUTRAL,ISO_z8,0.999999,6.45139e-47,7.03724e+44,8,8.0e-13,0.0e+00
A600,VALID,600,LI_CONT_xi1,NEUTRAL,BRI,0.578649,11.768,0.192045,12,8.9e-15,0.0e+00
A600,VALID,600,LI_CONT_xi1,NEUTRAL,ISO_z2,0.578649,2.08926,1.08173,12,8.9e-15,0.0e+00
A600,VALID,600,LI_CONT_xi1,NEUTRAL,ISO_z4,0.578649,0.370919,6.09298,12,8.9e-15,0.0e+00
A600,INVALID,600,LI_CONT_xi1,NEUTRAL,ISO_z8,0.578649,0.011691,193.311,12,8.9e-15,0.0e+00
R500,VALID,600,LI_CONT_xi1,NEUTRAL,BRI,0.898914,18.2813,0.206222,11,7.1e-15,0.0e+00
R500,INVALID,600,LI_CONT_xi1,NEUTRAL,ISO_z2,0.898914,0.186806,20.1814,11,7.1e-15,0.0e+00
R500,INVALID,600,LI_CONT_xi1,NEUTRAL,ISO_z4,0.898914,0.00190885,1975.01,11,7.1e-15,0.0e+00
R500,INVALID,600,LI_CONT_xi1,NEUTRAL,ISO_z8,0.898914,1.99314e-07,1.89149e+07,11,7.1e-15,0.0e+00
R600,VALID,600,LI_CONT_xi1,NEUTRAL,BRI,0.995048,20.2364,0.19371,11,-2.8e-14,0.0e+00
R600,INVALID,600,LI_CONT_xi1,NEUTRAL,ISO_z2,0.995048,0.000496174,7900.46,11,-2.8e-14,0.0e+00
R600,INVALID,600,LI_CONT_xi1,NEUTRAL,ISO_z4,0.995048,1.21656e-08,3.22219e+08,11,-2.8e-14,0.0e+00
R600,INVALID,600,LI_CONT_xi1,NEUTRAL,ISO_z8,0.995048,7.31368e-18,5.35982e+17,11,-2.8e-14,0.0e+00
R800,VALID,600,LI_CONT_xi1,NEUTRAL,BRI,0.999875,20.3345,0.0988466,10,1.6e-10,0.0e+00
R800,INVALID,600,LI_CONT_xi1,NEUTRAL,ISO_z2,0.999875,3.19961e-07,6.28201e+06,10,1.6e-10,0.0e+00
R800,INVALID,600,LI_CONT_xi1,NEUTRAL,ISO_z4,0.999875,5.03455e-15,3.99241e+14,10,1.6e-10,0.0e+00
R800,INVALID,600,LI_CONT_xi1,NEUTRAL,ISO_z8,0.999875,1.24648e-30,1.61253e+30,10,1.6e-10,0.0e+00
R1000,VALID,600,LI_CONT_xi1,NEUTRAL,BRI,0.999998,20.3371,0.00223238,8,1.9e-10,0.0e+00
R1000,INVALID,600,LI_CONT_xi1,NEUTRAL,ISO_z2,0.999998,5.67405e-11,8.00134e+08,8,1.9e-10,0.0e+00
R1000,INVALID,600,LI_CONT_xi1,NEUTRAL,ISO_z4,0.999998,1.58306e-22,2.86786e+20,8,1.9e-10,0.0e+00
R1000,INVALID,600,LI_CONT_xi1,NEUTRAL,ISO_z8,0.999998,1.23228e-45,3.68424e+43,8,1.9e-10,0.0e+00
A600,VALID,600,PAB,LOCAL,BRI,0.0393994,0.801269,2.82053,11,-3.6e-15,3.6e-15
A600,VALID,600,PAB,LOCAL,ISO_z2,0.0393994,0.739374,3.05664,11,-3.6e-15,3.6e-15
A600,VALID,600,PAB,LOCAL,ISO_z4,0.0393994,0.68226,3.31252,11,-3.6e-15,3.6e-15
A600,VALID,600,PAB,LOCAL,ISO_z8,0.0393994,0.580927,3.89034,11,-3.6e-15,3.6e-15
R500,VALID,600,PAB,LOCAL,BRI,0.100452,2.0429,1.84542,10,1.4e-14,2.7e-15
R500,VALID,600,PAB,LOCAL,ISO_z2,0.100452,1.65309,2.28058,10,1.4e-14,2.7e-15
R500,VALID,600,PAB,LOCAL,ISO_z4,0.100452,1.33766,2.81836,10,1.4e-14,2.7e-15
R500,VALID,600,PAB,LOCAL,ISO_z8,0.100452,0.875875,4.30427,10,1.4e-14,2.7e-15
R600,VALID,600,PAB,LOCAL,BRI,0.218328,4.44016,0.882852,9,-7.1e-14,5.7e-14
R600,VALID,600,PAB,LOCAL,ISO_z2,0.218328,2.71298,1.4449,9,-7.1e-14,5.7e-14
R600,VALID,600,PAB,LOCAL,ISO_z4,0.218328,1.65766,2.36477,9,-7.1e-14,5.7e-14
R600,VALID,600,PAB,LOCAL,ISO_z8,0.218328,0.618864,6.33419,9,-7.1e-14,5.7e-14
R800,VALID,600,PAB,LOCAL,BRI,0.354354,7.20654,0.278913,8,-2.8e-14,1.7e-13
R800,VALID,600,PAB,LOCAL,ISO_z2,0.354354,3.0041,0.669084,8,-2.8e-14,1.7e-13
R800,VALID,600,PAB,LOCAL,ISO_z4,0.354354,1.25229,1.60506,8,-2.8e-14,1.7e-13
R800,VALID,600,PAB,LOCAL,ISO_z8,0.354354,0.217611,9.23667,8,-2.8e-14,1.7e-13
R1000,VALID,600,PAB,LOCAL,BRI,0.612451,12.4555,0.00364499,6,-5.8e-11,3.2e-10
R1000,VALID,600,PAB,LOCAL,ISO_z2,0.612451,1.87074,0.0242685,6,-5.8e-11,3.2e-10
R1000,VALID,600,PAB,LOCAL,ISO_z4,0.612451,0.280975,0.16158,6,-5.8e-11,3.2e-10
R1000,INVALID,600,PAB,LOCAL,ISO_z8,0.612451,0.00633833,7.16277,6,-5.8e-11,3.2e-10
A600,VALID,600,HAM,LOCAL,BRI,0.173703,3.53262,0.639751,11,-1.8e-15,2.1e-14
A600,VALID,600,HAM,LOCAL,ISO_z2,0.173703,2.41196,0.936999,11,-1.8e-15,2.1e-14
A600,VALID,600,HAM,LOCAL,ISO_z4,0.173703,1.6468,1.37236,11,-1.8e-15,2.1e-14
A600,VALID,600,HAM,LOCAL,ISO_z8,0.173703,0.767688,2.9439,11,-1.8e-15,2.1e-14
R500,VALID,600,HAM,LOCAL,BRI,0.381014,7.74871,0.486532,10,-7.1e-15,4.3e-14
R500,VALID,600,HAM,LOCAL,ISO_z2,0.381014,2.96887,1.26984,10,-7.1e-15,4.3e-14
R500,VALID,600,HAM,LOCAL,ISO_z4,0.381014,1.13751,3.31427,10,-7.1e-15,4.3e-14
R500,INVALID,600,HAM,LOCAL,ISO_z8,0.381014,0.166985,22.5769,10,-7.1e-15,4.3e-14
R600,VALID,600,HAM,LOCAL,BRI,0.62932,12.7985,0.306285,9,-7.1e-14,7.1e-15
R600,VALID,600,HAM,LOCAL,ISO_z2,0.62932,1.75857,2.22908,9,-7.1e-14,7.1e-15
R600,VALID,600,HAM,LOCAL,ISO_z4,0.62932,0.241635,16.2228,9,-7.1e-14,7.1e-15
R600,INVALID,600,HAM,LOCAL,ISO_z8,0.62932,0.00456203,859.267,9,-7.1e-14,7.1e-15
R800,VALID,600,HAM,LOCAL,BRI,0.780562,15.8744,0.126619,8,5.7e-14,2.3e-13
R800,VALID,600,HAM,LOCAL,ISO_z2,0.780562,0.7644,2.62951,8,5.7e-14,2.3e-13
R800,INVALID,600,HAM,LOCAL,ISO_z4,0.780562,0.0368083,54.6073,8,5.7e-14,2.3e-13
R800,INVALID,600,HAM,LOCAL,ISO_z8,0.780562,8.53483e-05,23550.6,8,5.7e-14,2.3e-13
R1000,VALID,600,HAM,LOCAL,BRI,0.907511,18.4561,0.00245989,6,-6.9e-11,4.1e-10
R1000,INVALID,600,HAM,LOCAL,ISO_z2,0.907511,0.157879,0.287563,6,-6.9e-11,4.1e-10
R1000,INVALID,600,HAM,LOCAL,ISO_z4,0.907511,0.00135054,33.6163,6,-6.9e-11,4.1e-10
R1000,INVALID,600,HAM,LOCAL,ISO_z8,0.907511,9.88261e-08,459393,6,-6.9e-11,4.1e-10
A600,VALID,600,LI_SBR1,LOCAL,BRI,0.227765,4.63208,0.487901,11,-1.8e-15,7.1e-15
A600,VALID,600,LI_SBR1,LOCAL,ISO_z2,0.227765,2.76233,0.818151,11,-1.8e-15,7.1e-15
A600,VALID,600,LI_SBR1,LOCAL,ISO_z4,0.227765,1.6473,1.37194,11,-1.8e-15,7.1e-15
A600,VALID,600,LI_SBR1,LOCAL,ISO_z8,0.227765,0.585829,3.85778,11,-1.8e-15,7.1e-15
R500,VALID,600,LI_SBR1,LOCAL,BRI,0.47637,9.68797,0.389142,10,7.1e-15,7.1e-15
R500,VALID,600,LI_SBR1,LOCAL,ISO_z2,0.47637,2.65633,1.41925,10,7.1e-15,7.1e-15
R500,VALID,600,LI_SBR1,LOCAL,ISO_z4,0.47637,0.728337,5.17618,10,7.1e-15,7.1e-15
R500,INVALID,600,LI_SBR1,LOCAL,ISO_z8,0.47637,0.054756,68.8509,10,7.1e-15,7.1e-15
R600,VALID,600,LI_SBR1,LOCAL,BRI,0.726821,14.7814,0.265198,9,2.8e-14,1.7e-13
R600,VALID,600,LI_SBR1,LOCAL,ISO_z2,0.726821,1.10309,3.55365,9,2.8e-14,1.7e-13
R600,INVALID,600,LI_SBR1,LOCAL,ISO_z4,0.726821,0.08232,47.6191,9,2.8e-14,1.7e-13
R600,INVALID,600,LI_SBR1,LOCAL,ISO_z8,0.726821,0.000458452,8550.51,9,2.8e-14,1.7e-13
R800,VALID,600,LI_SBR1,LOCAL,BRI,0.855209,17.3925,0.115567,8,2.8e-14,1.1e-13
R800,VALID,600,LI_SBR1,LOCAL,ISO_z2,0.855209,0.364622,5.51255,8,2.8e-14,1.1e-13
R800,INVALID,600,LI_SBR1,LOCAL,ISO_z4,0.855209,0.00764409,262.948,8,2.8e-14,1.1e-13
R800,INVALID,600,LI_SBR1,LOCAL,ISO_z8,0.855209,3.35962e-06,598282,8,2.8e-14,1.1e-13
R1000,VALID,600,LI_SBR1,LOCAL,BRI,0.958754,19.4983,0.00232841,6,2.1e-10,4.5e-10
R1000,INVALID,600,LI_SBR1,LOCAL,ISO_z2,0.958754,0.0331718,1.36863,6,2.1e-10,4.5e-10
R1000,INVALID,600,LI_SBR1,LOCAL,ISO_z4,0.958754,5.64343e-05,804.476,6,2.1e-10,4.5e-10
R1000,INVALID,600,LI_SBR1,LOCAL,ISO_z8,0.958754,1.63339e-10,2.7795e+08,6,2.1e-10,4.5e-10
A600,VALID,600,LI_L2,LOCAL,BRI,0.218996,4.45375,0.507438,11,-3.6e-15,1.4e-14
A600,VALID,600,LI_L2,LOCAL,ISO_z2,0.218996,2.71664,0.83191,11,-3.6e-15,1.4e-14
A600,VALID,600,LI_L2,LOCAL,ISO_z4,0.218996,1.65706,1.36386,11,-3.6e-15,1.4e-14
A600,VALID,600,LI_L2,LOCAL,ISO_z8,0.218996,0.616525,3.66571,11,-3.6e-15,1.4e-14
R500,VALID,600,LI_L2,LOCAL,BRI,0.462317,9.40219,0.40097,10,3.6e-14,5.0e-14
R500,VALID,600,LI_L2,LOCAL,ISO_z2,0.462317,2.7182,1.38695,10,3.6e-14,5.0e-14
R500,VALID,600,LI_L2,LOCAL,ISO_z4,0.462317,0.785838,4.79742,10,3.6e-14,5.0e-14
R500,INVALID,600,LI_L2,LOCAL,ISO_z8,0.462317,0.0656807,57.3989,10,3.6e-14,5.0e-14
R600,VALID,600,LI_L2,LOCAL,BRI,0.716012,14.5616,0.269201,9,1.4e-14,1.8e-15
R600,VALID,600,LI_L2,LOCAL,ISO_z2,0.716012,1.17438,3.33794,9,1.4e-14,1.8e-15
R600,INVALID,600,LI_L2,LOCAL,ISO_z4,0.716012,0.0947124,41.3885,9,1.4e-14,1.8e-15
R600,INVALID,600,LI_L2,LOCAL,ISO_z8,0.716012,0.000616033,6363.3,9,1.4e-14,1.8e-15
R800,VALID,600,LI_L2,LOCAL,BRI,0.850705,17.3009,0.116179,8,2.8e-14,5.7e-14
R800,VALID,600,LI_L2,LOCAL,ISO_z2,0.850705,0.385618,5.21241,8,2.8e-14,5.7e-14
R800,INVALID,600,LI_L2,LOCAL,ISO_z4,0.850705,0.00859503,233.856,8,2.8e-14,5.7e-14
R800,INVALID,600,LI_L2,LOCAL,ISO_z8,0.850705,4.26999e-06,470728,8,2.8e-14,5.7e-14
R1000,VALID,600,LI_L2,LOCAL,BRI,0.964345,19.612,0.00231491,6,3.0e-10,6.3e-10
R1000,INVALID,600,LI_L2,LOCAL,ISO_z2,0.964345,0.0249326,1.82091,6,3.0e-10,6.3e-10
R1000,INVALID,600,LI_L2,LOCAL,ISO_z4,0.964345,3.16968e-05,1432.32,6,3.0e-10,6.3e-10
R1000,INVALID,600,LI_L2,LOCAL,ISO_z8,0.964345,5.12282e-11,8.86231e+08,6,3.0e-10,6.3e-10
A600,VALID,600,LI_CONT_xi0.25,LOCAL,BRI,0.104298,2.12112,1.06548,18,-1.0e-11,4.2e-12
A600,VALID,600,LI_CONT_xi0.25,LOCAL,ISO_z2,0.104298,1.70173,1.32806,18,-1.0e-11,4.2e-12
A600,VALID,600,LI_CONT_xi0.25,LOCAL,ISO_z4,0.104298,1.36527,1.65535,18,-1.0e-11,4.2e-12
A600,VALID,600,LI_CONT_xi0.25,LOCAL,ISO_z8,0.104298,0.878766,2.57179,18,-1.0e-11,4.2e-12
R500,VALID,600,LI_CONT_xi0.25,LOCAL,BRI,0.178311,3.62632,1.03962,15,3.3e-11,1.2e-11
R500,VALID,600,LI_CONT_xi0.25,LOCAL,ISO_z2,0.178311,2.4484,1.53978,15,3.3e-11,1.2e-11
R500,VALID,600,LI_CONT_xi0.25,LOCAL,ISO_z4,0.178311,1.65309,2.28058,15,3.3e-11,1.2e-11
R500,VALID,600,LI_CONT_xi0.25,LOCAL,ISO_z8,0.178311,0.753576,5.00281,15,3.3e-11,1.2e-11
R600,VALID,600,LI_CONT_xi0.25,LOCAL,BRI,0.225684,4.58975,0.854076,10,2.8e-14,2.8e-16
R600,VALID,600,LI_CONT_xi0.25,LOCAL,ISO_z2,0.225684,2.75186,1.42449,10,2.8e-14,2.8e-16
R600,VALID,600,LI_CONT_xi0.25,LOCAL,ISO_z4,0.225684,1.64992,2.37587,10,2.8e-14,2.8e-16
R600,VALID,600,LI_CONT_xi0.25,LOCAL,ISO_z8,0.225684,0.593111,6.60922,10,2.8e-14,2.8e-16
R800,VALID,600,LI_CONT_xi0.25,LOCAL,BRI,0.24126,4.90653,0.409658,8,8.5e-14,3.3e-16
R800,VALID,600,LI_CONT_xi0.25,LOCAL,ISO_z2,0.24126,2.82462,0.7116,8,8.5e-14,3.3e-16
R800,VALID,600,LI_CONT_xi0.25,LOCAL,ISO_z4,0.24126,1.6261,1.23609,8,8.5e-14,3.3e-16
R800,VALID,600,LI_CONT_xi0.25,LOCAL,ISO_z8,0.24126,0.538912,3.72974,8,8.5e-14,3.3e-16
R1000,VALID,600,LI_CONT_xi0.25,LOCAL,BRI,0.249036,5.06468,0.00896405,6,-6.4e-11,7.0e-13
R1000,VALID,600,LI_CONT_xi0.25,LOCAL,ISO_z2,0.249036,2.85621,0.0158952,6,-6.4e-11,7.0e-13
R1000,VALID,600,LI_CONT_xi0.25,LOCAL,ISO_z4,0.249036,1.61075,0.0281857,6,-6.4e-11,7.0e-13
R1000,VALID,600,LI_CONT_xi0.25,LOCAL,ISO_z8,0.249036,0.512275,0.0886243,6,-6.4e-11,7.0e-13
A600,VALID,600,LI_CONT_xi0.5,LOCAL,BRI,0.0957499,1.94727,1.1606,16,1.3e-11,4.3e-12
A600,VALID,600,LI_CONT_xi0.5,LOCAL,ISO_z2,0.0957499,1.59222,1.4194,16,1.3e-11,4.3e-12
A600,VALID,600,LI_CONT_xi0.5,LOCAL,ISO_z4,0.0957499,1.30191,1.73591,16,1.3e-11,4.3e-12
A600,VALID,600,LI_CONT_xi0.5,LOCAL,ISO_z8,0.0957499,0.870434,2.59641,16,1.3e-11,4.3e-12
R500,VALID,600,LI_CONT_xi0.5,LOCAL,BRI,0.171169,3.48107,1.083,12,3.4e-11,1.5e-11
R500,VALID,600,LI_CONT_xi0.5,LOCAL,ISO_z2,0.171169,2.39136,1.57651,12,3.4e-11,1.5e-11
R500,VALID,600,LI_CONT_xi0.5,LOCAL,ISO_z4,0.171169,1.64277,2.2949,12,3.4e-11,1.5e-11
R500,VALID,600,LI_CONT_xi0.5,LOCAL,ISO_z8,0.171169,0.775252,4.86294,12,3.4e-11,1.5e-11
R600,VALID,600,LI_CONT_xi0.5,LOCAL,BRI,0.223143,4.53808,0.863802,9,-2.8e-14,2.8e-16
R600,VALID,600,LI_CONT_xi0.5,LOCAL,ISO_z2,0.223143,2.73876,1.4313,9,-2.8e-14,2.8e-16
R600,VALID,600,LI_CONT_xi0.5,LOCAL,ISO_z4,0.223143,1.65286,2.37164,9,-2.8e-14,2.8e-16
R600,VALID,600,LI_CONT_xi0.5,LOCAL,ISO_z8,0.223143,0.602007,6.51156,9,-2.8e-14,2.8e-16
R800,VALID,600,LI_CONT_xi0.5,LOCAL,BRI,0.24054,4.89189,0.410884,8,-2.8e-14,2.2e-16
R800,VALID,600,LI_CONT_xi0.5,LOCAL,ISO_z2,0.24054,2.82154,0.712377,8,-2.8e-14,2.2e-16
R800,VALID,600,LI_CONT_xi0.5,LOCAL,ISO_z4,0.24054,1.6274,1.2351,8,-2.8e-14,2.2e-16
R800,VALID,600,LI_CONT_xi0.5,LOCAL,ISO_z8,0.24054,0.541395,3.71263,8,-2.8e-14,2.2e-16
R1000,VALID,600,LI_CONT_xi0.5,LOCAL,BRI,0.249,5.06395,0.00896534,6,-9.3e-11,8.7e-13
R1000,VALID,600,LI_CONT_xi0.5,LOCAL,ISO_z2,0.249,2.85607,0.015896,6,-9.3e-11,8.7e-13
R1000,VALID,600,LI_CONT_xi0.5,LOCAL,ISO_z4,0.249,1.61082,0.0281844,6,-9.3e-11,8.7e-13
R1000,VALID,600,LI_CONT_xi0.5,LOCAL,ISO_z8,0.249,0.512397,0.0886032,6,-9.3e-11,8.7e-13
A600,VALID,600,LI_CONT_xi1,LOCAL,BRI,0.0817867,1.6633,1.35874,16,5.9e-12,3.6e-12
A600,VALID,600,LI_CONT_xi1,LOCAL,ISO_z2,0.0817867,1.40236,1.61157,16,5.9e-12,3.6e-12
A600,VALID,600,LI_CONT_xi1,LOCAL,ISO_z4,0.0817867,1.18235,1.91145,16,5.9e-12,3.6e-12
A600,VALID,600,LI_CONT_xi1,LOCAL,ISO_z8,0.0817867,0.840466,2.68898,16,5.9e-12,3.6e-12
R500,VALID,600,LI_CONT_xi1,LOCAL,BRI,0.157353,3.20009,1.17809,15,-3.6e-11,1.7e-11
R500,VALID,600,LI_CONT_xi1,LOCAL,ISO_z2,0.157353,2.27224,1.65915,15,-3.6e-11,1.7e-11
R500,VALID,600,LI_CONT_xi1,LOCAL,ISO_z4,0.157353,1.61342,2.33666,15,-3.6e-11,1.7e-11
R500,VALID,600,LI_CONT_xi1,LOCAL,ISO_z8,0.157353,0.813448,4.63459,15,-3.6e-11,1.7e-11
R600,VALID,600,LI_CONT_xi1,LOCAL,BRI,0.217568,4.42469,0.885937,9,-5.7e-14,3.1e-16
R600,VALID,600,LI_CONT_xi1,LOCAL,ISO_z2,0.217568,2.7088,1.44714,9,-5.7e-14,3.1e-16
R600,VALID,600,LI_CONT_xi1,LOCAL,ISO_z4,0.217568,1.65833,2.36383,9,-5.7e-14,3.1e-16
R600,VALID,600,LI_CONT_xi1,LOCAL,ISO_z8,0.217568,0.621523,6.30708,9,-5.7e-14,3.1e-16
R800,VALID,600,LI_CONT_xi1,LOCAL,BRI,0.238933,4.85921,0.413648,8,-2.8e-14,5.6e-16
R800,VALID,600,LI_CONT_xi1,LOCAL,ISO_z2,0.238933,2.81456,0.714143,8,-2.8e-14,5.6e-16
R800,VALID,600,LI_CONT_xi1,LOCAL,ISO_z4,0.238933,1.63026,1.23293,8,-2.8e-14,5.6e-16
R800,VALID,600,LI_CONT_xi1,LOCAL,ISO_z8,0.238933,0.54695,3.67493,8,-2.8e-14,5.6e-16
R1000,VALID,600,LI_CONT_xi1,LOCAL,BRI,0.248924,5.06239,0.0089681,6,-1.8e-10,1.3e-12
R1000,VALID,600,LI_CONT_xi1,LOCAL,ISO_z2,0.248924,2.85577,0.0158976,6,-1.8e-10,1.3e-12
R1000,VALID,600,LI_CONT_xi1,LOCAL,ISO_z4,0.248924,1.61098,0.0281815,6,-1.8e-10,1.3e-12
R1000,VALID,600,LI_CONT_xi1,LOCAL,ISO_z8,0.248924,0.512657,0.0885582,6,-1.8e-10,1.3e-12
A600,VALID,300,PAB,NEUTRAL,BRI,0.27078,11.0138,0.205198,12,7.1e-15,0.0e+00
A600,VALID,300,PAB,NEUTRAL,ISO_z2,0.27078,5.85669,0.385883,12,7.1e-15,0.0e+00
A600,VALID,300,PAB,NEUTRAL,ISO_z4,0.27078,3.11437,0.725669,12,7.1e-15,0.0e+00
A600,VALID,300,PAB,NEUTRAL,ISO_z8,0.27078,0.880651,2.56628,12,7.1e-15,0.0e+00
R500,VALID,300,PAB,NEUTRAL,BRI,0.652777,26.5512,0.14199,11,7.1e-15,0.0e+00
R500,VALID,300,PAB,NEUTRAL,ISO_z2,0.652777,3.20111,1.17772,11,7.1e-15,0.0e+00
R500,INVALID,300,PAB,NEUTRAL,ISO_z4,0.652777,0.385938,9.76841,11,7.1e-15,0.0e+00
R500,INVALID,300,PAB,NEUTRAL,ISO_z8,0.652777,0.00560985,672.032,11,7.1e-15,0.0e+00
R600,VALID,300,PAB,NEUTRAL,BRI,0.971561,39.5175,0.0991967,11,1.4e-14,0.0e+00
R600,INVALID,300,PAB,NEUTRAL,ISO_z2,0.971561,0.0319608,122.65,11,1.4e-14,0.0e+00
R600,INVALID,300,PAB,NEUTRAL,ISO_z4,0.971561,2.58492e-05,151649,11,1.4e-14,0.0e+00
R600,INVALID,300,PAB,NEUTRAL,ISO_z8,0.971561,1.69085e-11,2.31836e+11,11,1.4e-14,0.0e+00
R800,VALID,300,PAB,NEUTRAL,BRI,0.994869,40.4655,0.0496719,10,2.8e-14,0.0e+00
R800,INVALID,300,PAB,NEUTRAL,ISO_z2,0.994869,0.00106516,1887.03,10,2.8e-14,0.0e+00
R800,INVALID,300,PAB,NEUTRAL,ISO_z4,0.994869,2.8038e-08,7.16884e+07,10,2.8e-14,0.0e+00
R800,INVALID,300,PAB,NEUTRAL,ISO_z8,0.994869,1.94272e-17,1.03463e+17,10,2.8e-14,0.0e+00
R1000,VALID,300,PAB,NEUTRAL,BRI,0.999222,40.6425,0.00111706,8,0.0e+00,0.0e+00
R1000,INVALID,300,PAB,NEUTRAL,ISO_z2,0.999222,2.46044e-05,1845.2,8,0.0e+00,0.0e+00
R1000,INVALID,300,PAB,NEUTRAL,ISO_z4,0.999222,1.48952e-11,3.04797e+09,8,0.0e+00,0.0e+00
R1000,INVALID,300,PAB,NEUTRAL,ISO_z8,0.999222,5.45895e-24,8.31662e+21,8,0.0e+00,0.0e+00
A600,VALID,300,HAM,NEUTRAL,BRI,0.327921,13.3379,0.169442,12,7.1e-15,0.0e+00
A600,VALID,300,HAM,NEUTRAL,ISO_z2,0.327921,6.02461,0.375128,12,7.1e-15,0.0e+00
A600,VALID,300,HAM,NEUTRAL,ISO_z4,0.327921,2.72125,0.830499,12,7.1e-15,0.0e+00
A600,VALID,300,HAM,NEUTRAL,ISO_z8,0.327921,0.5552,4.0706,12,7.1e-15,0.0e+00
R500,VALID,300,HAM,NEUTRAL,BRI,0.869573,35.3692,0.10659,11,-7.6e-13,0.0e+00
R500,VALID,300,HAM,NEUTRAL,ISO_z2,0.869573,0.601675,6.26584,11,-7.6e-13,0.0e+00
R500,INVALID,300,HAM,NEUTRAL,ISO_z4,0.869573,0.0102353,368.334,11,-7.6e-13,0.0e+00
R500,INVALID,300,HAM,NEUTRAL,ISO_z8,0.869573,2.96192e-06,1.27282e+06,11,-7.6e-13,0.0e+00
R600,VALID,300,HAM,NEUTRAL,BRI,0.999796,40.6659,0.0963953,12,1.4e-14,0.0e+00
R600,INVALID,300,HAM,NEUTRAL,ISO_z2,0.999796,1.69594e-06,2.3114e+06,12,1.4e-14,0.0e+00
R600,INVALID,300,HAM,NEUTRAL,ISO_z4,0.999796,7.07282e-14,5.54234e+13,12,1.4e-14,0.0e+00
R600,INVALID,300,HAM,NEUTRAL,ISO_z8,0.999796,1.23014e-28,3.18662e+28,12,1.4e-14,0.0e+00
R800,VALID,300,HAM,NEUTRAL,BRI,0.999974,40.6731,0.0494184,10,-2.8e-14,0.0e+00
R800,INVALID,300,HAM,NEUTRAL,ISO_z2,0.999974,2.66268e-08,7.54878e+07,10,-2.8e-14,0.0e+00
R800,INVALID,300,HAM,NEUTRAL,ISO_z4,0.999974,1.74314e-17,1.15309e+17,10,-2.8e-14,0.0e+00
R800,INVALID,300,HAM,NEUTRAL,ISO_z8,0.999974,7.47059e-36,2.69055e+35,10,-2.8e-14,0.0e+00
R1000,VALID,300,HAM,NEUTRAL,BRI,0.999996,40.674,0.00111619,8,1.1e-13,0.0e+00
R1000,INVALID,300,HAM,NEUTRAL,ISO_z2,0.999996,6.0847e-10,7.46134e+07,8,1.1e-13,0.0e+00
R1000,INVALID,300,HAM,NEUTRAL,ISO_z4,0.999996,9.1025e-21,4.98764e+18,8,1.1e-13,0.0e+00
R1000,INVALID,300,HAM,NEUTRAL,ISO_z8,0.999996,2.03706e-42,2.2287e+40,8,1.1e-13,0.0e+00
A600,VALID,300,LI_SBR1,NEUTRAL,BRI,0.330475,13.4418,0.168132,14,1.2e-14,0.0e+00
A600,VALID,300,LI_SBR1,NEUTRAL,ISO_z2,0.330475,6.02547,0.375074,14,1.2e-14,0.0e+00
A600,VALID,300,LI_SBR1,NEUTRAL,ISO_z4,0.330475,2.701,0.836727,14,1.2e-14,0.0e+00
A600,VALID,300,LI_SBR1,NEUTRAL,ISO_z8,0.330475,0.542741,4.16405,14,1.2e-14,0.0e+00
R500,VALID,300,LI_SBR1,NEUTRAL,BRI,0.902222,36.6972,0.102733,15,-7.1e-15,0.0e+00
R500,INVALID,300,LI_SBR1,NEUTRAL,ISO_z2,0.902222,0.350843,10.7455,15,-7.1e-15,0.0e+00
R500,INVALID,300,LI_SBR1,NEUTRAL,ISO_z4,0.902222,0.00335423,1123.95,15,-7.1e-15,0.0e+00
R500,INVALID,300,LI_SBR1,NEUTRAL,ISO_z8,0.902222,3.06587e-07,1.22967e+07,15,-7.1e-15,0.0e+00
R600,VALID,300,LI_SBR1,NEUTRAL,BRI,0.999959,40.6725,0.0963796,11,6.7e-11,0.0e+00
R600,INVALID,300,LI_SBR1,NEUTRAL,ISO_z2,0.999959,6.89729e-08,5.68339e+07,11,6.7e-11,0.0e+00
R600,INVALID,300,LI_SBR1,NEUTRAL,ISO_z4,0.999959,1.16965e-16,3.35143e+16,11,6.7e-11,0.0e+00
R600,INVALID,300,LI_SBR1,NEUTRAL,ISO_z8,0.999959,3.36365e-34,1.1654e+34,11,6.7e-11,0.0e+00
R800,VALID,300,LI_SBR1,NEUTRAL,BRI,0.999994,40.6739,0.0494174,10,-5.7e-14,0.0e+00
R800,INVALID,300,LI_SBR1,NEUTRAL,ISO_z2,0.999994,1.4964e-09,1.34323e+09,10,-5.7e-14,0.0e+00
R800,INVALID,300,LI_SBR1,NEUTRAL,ISO_z4,0.999994,5.50527e-20,3.65105e+19,10,-5.7e-14,0.0e+00
R800,INVALID,300,LI_SBR1,NEUTRAL,ISO_z8,0.999994,7.45144e-41,2.69746e+40,10,-5.7e-14,0.0e+00
R1000,VALID,300,LI_SBR1,NEUTRAL,BRI,0.999999,40.6741,0.00111619,8,0.0e+00,0.0e+00
R1000,INVALID,300,LI_SBR1,NEUTRAL,ISO_z2,0.999999,3.68391e-11,1.23239e+09,8,0.0e+00,0.0e+00
R1000,INVALID,300,LI_SBR1,NEUTRAL,ISO_z4,0.999999,3.33657e-23,1.36068e+21,8,0.0e+00,0.0e+00
R1000,INVALID,300,LI_SBR1,NEUTRAL,ISO_z8,0.999999,2.73704e-47,1.65872e+45,8,0.0e+00,0.0e+00
A600,VALID,300,LI_L2,NEUTRAL,BRI,0.329899,13.4184,0.168426,12,-8.9e-15,0.0e+00
A600,VALID,300,LI_L2,NEUTRAL,ISO_z2,0.329899,6.02532,0.375084,12,-8.9e-15,0.0e+00
A600,VALID,300,LI_L2,NEUTRAL,ISO_z4,0.329899,2.70558,0.835309,12,-8.9e-15,0.0e+00
A600,VALID,300,LI_L2,NEUTRAL,ISO_z8,0.329899,0.545535,4.14273,12,-8.9e-15,0.0e+00
R500,VALID,300,LI_L2,NEUTRAL,BRI,0.892857,36.3162,0.10381,14,7.1e-15,0.0e+00
R500,VALID,300,LI_L2,NEUTRAL,ISO_z2,0.892857,0.416897,9.04299,14,7.1e-15,0.0e+00
R500,INVALID,300,LI_L2,NEUTRAL,ISO_z4,0.892857,0.00478583,787.742,14,7.1e-15,0.0e+00
R500,INVALID,300,LI_L2,NEUTRAL,ISO_z8,0.892857,6.30688e-07,5.9776e+06,14,7.1e-15,0.0e+00
R600,VALID,300,LI_L2,NEUTRAL,BRI,0.999183,40.641,0.0964544,11,1.6e-12,0.0e+00
R600,INVALID,300,LI_L2,NEUTRAL,ISO_z2,0.999183,2.71037e-05,144630,11,1.6e-12,0.0e+00
R600,INVALID,300,LI_L2,NEUTRAL,ISO_z4,0.999183,1.80756e-11,2.16866e+11,11,1.6e-12,0.0e+00
R600,INVALID,300,LI_L2,NEUTRAL,ISO_z8,0.999183,8.0394e-24,4.87598e+23,11,1.6e-12,0.0e+00
R800,VALID,300,LI_L2,NEUTRAL,BRI,0.999942,40.6718,0.04942,10,-1.4e-11,0.0e+00
R800,INVALID,300,LI_L2,NEUTRAL,ISO_z2,0.999942,1.39161e-07,1.44437e+07,10,-1.4e-11,0.0e+00
R800,INVALID,300,LI_L2,NEUTRAL,ISO_z4,0.999942,4.7615e-16,4.22136e+15,10,-1.4e-11,0.0e+00
R800,INVALID,300,LI_L2,NEUTRAL,ISO_z8,0.999942,5.57435e-33,3.6058e+32,10,-1.4e-11,0.0e+00
R1000,VALID,300,LI_L2,NEUTRAL,BRI,0.999999,40.6741,0.00111619,8,4.8e-12,0.0e+00
R1000,INVALID,300,LI_L2,NEUTRAL,ISO_z2,0.999999,5.38052e-11,8.43785e+08,8,4.8e-12,0.0e+00
R1000,INVALID,300,LI_L2,NEUTRAL,ISO_z4,0.999999,7.11753e-23,6.37862e+20,8,4.8e-12,0.0e+00
R1000,INVALID,300,LI_L2,NEUTRAL,ISO_z8,0.999999,1.24549e-46,3.64515e+44,8,4.8e-12,0.0e+00
A600,VALID,300,LI_CONT_xi0.25,NEUTRAL,BRI,0.816751,33.2207,0.0680299,12,7.1e-15,0.0e+00
A600,VALID,300,LI_CONT_xi0.25,NEUTRAL,ISO_z2,0.816751,1.11556,2.0259,12,7.1e-15,0.0e+00
A600,INVALID,300,LI_CONT_xi0.25,NEUTRAL,ISO_z4,0.816751,0.0374606,60.3301,12,7.1e-15,0.0e+00
A600,INVALID,300,LI_CONT_xi0.25,NEUTRAL,ISO_z8,0.816751,4.22416e-05,53501.8,12,7.1e-15,0.0e+00
R500,VALID,300,LI_CONT_xi0.25,NEUTRAL,BRI,0.986557,40.1274,0.0939508,11,2.1e-12,0.0e+00
R500,INVALID,300,LI_CONT_xi0.25,NEUTRAL,ISO_z2,0.986557,0.00725178,519.873,11,2.1e-12,0.0e+00
R500,INVALID,300,LI_CONT_xi0.25,NEUTRAL,ISO_z4,0.986557,1.31053e-06,2.87669e+06,11,2.1e-12,0.0e+00
R500,INVALID,300,LI_CONT_xi0.25,NEUTRAL,ISO_z8,0.986557,4.28011e-14,8.80818e+13,11,2.1e-12,0.0e+00
R600,VALID,300,LI_CONT_xi0.25,NEUTRAL,BRI,0.999836,40.6675,0.0963914,11,2.0e-13,0.0e+00
R600,INVALID,300,LI_CONT_xi0.25,NEUTRAL,ISO_z2,0.999836,1.09564e-06,3.57782e+06,11,2.0e-13,0.0e+00
R600,INVALID,300,LI_CONT_xi0.25,NEUTRAL,ISO_z4,0.999836,2.9518e-14,1.328e+14,11,2.0e-13,0.0e+00
R600,INVALID,300,LI_CONT_xi0.25,NEUTRAL,ISO_z8,0.999836,2.14252e-29,1.82962e+29,11,2.0e-13,0.0e+00
R800,VALID,300,LI_CONT_xi0.25,NEUTRAL,BRI,0.999988,40.6737,0.0494177,10,2.3e-13,0.0e+00
R800,INVALID,300,LI_CONT_xi0.25,NEUTRAL,ISO_z2,0.999988,6.08938e-09,3.30083e+08,10,2.3e-13,0.0e+00
R800,INVALID,300,LI_CONT_xi0.25,NEUTRAL,ISO_z4,0.999988,9.1166e-19,2.20477e+18,10,2.3e-13,0.0e+00
R800,INVALID,300,LI_CONT_xi0.25,NEUTRAL,ISO_z8,0.999988,2.04339e-38,9.83658e+37,10,2.3e-13,0.0e+00
R1000,VALID,300,LI_CONT_xi0.25,NEUTRAL,BRI,0.999999,40.6741,0.00111619,8,9.1e-13,0.0e+00
R1000,INVALID,300,LI_CONT_xi0.25,NEUTRAL,ISO_z2,0.999999,5.42825e-11,8.36366e+08,8,9.1e-13,0.0e+00
R1000,INVALID,300,LI_CONT_xi0.25,NEUTRAL,ISO_z4,0.999999,7.24438e-23,6.26693e+20,8,9.1e-13,0.0e+00
R1000,INVALID,300,LI_CONT_xi0.25,NEUTRAL,ISO_z8,0.999999,1.29028e-46,3.51862e+44,8,9.1e-13,0.0e+00
A600,VALID,300,LI_CONT_xi0.5,NEUTRAL,BRI,0.578649,23.5361,0.0960227,12,8.9e-15,0.0e+00
A600,VALID,300,LI_CONT_xi0.5,NEUTRAL,ISO_z2,0.578649,4.17851,0.540862,12,8.9e-15,0.0e+00
A600,VALID,300,LI_CONT_xi0.5,NEUTRAL,ISO_z4,0.578649,0.741838,3.04649,12,8.9e-15,0.0e+00
A600,INVALID,300,LI_CONT_xi0.5,NEUTRAL,ISO_z8,0.578649,0.0233821,96.6552,12,8.9e-15,0.0e+00
R500,VALID,300,LI_CONT_xi0.5,NEUTRAL,BRI,0.898914,36.5626,0.103111,11,-1.4e-14,0.0e+00
R500,INVALID,300,LI_CONT_xi0.5,NEUTRAL,ISO_z2,0.898914,0.373611,10.0907,11,-1.4e-14,0.0e+00
R500,INVALID,300,LI_CONT_xi0.5,NEUTRAL,ISO_z4,0.898914,0.00381771,987.502,11,-1.4e-14,0.0e+00
R500,INVALID,300,LI_CONT_xi0.5,NEUTRAL,ISO_z8,0.898914,3.9863e-07,9.4574e+06,11,-1.4e-14,0.0e+00
R600,VALID,300,LI_CONT_xi0.5,NEUTRAL,BRI,0.995048,40.4728,0.0968552,11,-2.8e-14,0.0e+00
R600,INVALID,300,LI_CONT_xi0.5,NEUTRAL,ISO_z2,0.995048,0.000992349,3950.22,11,-2.8e-14,0.0e+00
R600,INVALID,300,LI_CONT_xi0.5,NEUTRAL,ISO_z4,0.995048,2.43313e-08,1.61109e+08,11,-2.8e-14,0.0e+00
R600,INVALID,300,LI_CONT_xi0.5,NEUTRAL,ISO_z8,0.995048,1.46274e-17,2.67989e+17,11,-2.8e-14,0.0e+00
R800,VALID,300,LI_CONT_xi0.5,NEUTRAL,BRI,0.999875,40.6691,0.0494233,10,1.6e-10,0.0e+00
R800,INVALID,300,LI_CONT_xi0.5,NEUTRAL,ISO_z2,0.999875,6.39924e-07,3.141e+06,10,1.6e-10,0.0e+00
R800,INVALID,300,LI_CONT_xi0.5,NEUTRAL,ISO_z4,0.999875,1.00691e-14,1.9962e+14,10,1.6e-10,0.0e+00
R800,INVALID,300,LI_CONT_xi0.5,NEUTRAL,ISO_z8,0.999875,2.49299e-30,8.06261e+29,10,1.6e-10,0.0e+00
R1000,VALID,300,LI_CONT_xi0.5,NEUTRAL,BRI,0.999998,40.6741,0.00111619,8,1.9e-10,0.0e+00
R1000,INVALID,300,LI_CONT_xi0.5,NEUTRAL,ISO_z2,0.999998,1.13481e-10,4.00067e+08,8,1.9e-10,0.0e+00
R1000,INVALID,300,LI_CONT_xi0.5,NEUTRAL,ISO_z4,0.999998,3.16613e-22,1.43393e+20,8,1.9e-10,0.0e+00
R1000,INVALID,300,LI_CONT_xi0.5,NEUTRAL,ISO_z8,0.999998,2.46456e-45,1.84212e+43,8,1.9e-10,0.0e+00
A600,VALID,300,LI_CONT_xi1,NEUTRAL,BRI,0.353322,14.3711,0.15726,12,1.8e-14,0.0e+00
A600,VALID,300,LI_CONT_xi1,NEUTRAL,ISO_z2,0.353322,6.00988,0.376048,12,1.8e-14,0.0e+00
A600,VALID,300,LI_CONT_xi1,NEUTRAL,ISO_z4,0.353322,2.51328,0.899222,12,1.8e-14,0.0e+00
A600,VALID,300,LI_CONT_xi1,NEUTRAL,ISO_z8,0.353322,0.439535,5.1418,12,1.8e-14,0.0e+00
R500,VALID,300,LI_CONT_xi1,NEUTRAL,BRI,0.691839,28.14,0.133973,11,3.6e-14,0.0e+00
R500,VALID,300,LI_CONT_xi1,NEUTRAL,ISO_z2,0.691839,2.67226,1.41079,11,3.6e-14,0.0e+00
R500,INVALID,300,LI_CONT_xi1,NEUTRAL,ISO_z4,0.691839,0.253767,14.8562,11,3.6e-14,0.0e+00
R500,INVALID,300,LI_CONT_xi1,NEUTRAL,ISO_z8,0.691839,0.00228847,1647.39,11,3.6e-14,0.0e+00
R600,VALID,300,LI_CONT_xi1,NEUTRAL,BRI,0.943854,38.3905,0.102109,10,2.8e-14,0.0e+00
R600,INVALID,300,LI_CONT_xi1,NEUTRAL,ISO_z2,0.943854,0.121021,32.391,10,2.8e-14,0.0e+00
R600,INVALID,300,LI_CONT_xi1,NEUTRAL,ISO_z4,0.943854,0.000381504,10275.1,10,2.8e-14,0.0e+00
R600,INVALID,300,LI_CONT_xi1,NEUTRAL,ISO_z8,0.943854,3.79118e-09,1.03398e+09,10,2.8e-14,0.0e+00
R800,VALID,300,LI_CONT_xi1,NEUTRAL,BRI,0.995649,40.4972,0.049633,10,-5.7e-14,0.0e+00
R800,INVALID,300,LI_CONT_xi1,NEUTRAL,ISO_z2,0.995649,0.000766631,2621.86,10,-5.7e-14,0.0e+00
R800,INVALID,300,LI_CONT_xi1,NEUTRAL,ISO_z4,0.995649,1.45127e-08,1.385e+08,10,-5.7e-14,0.0e+00
R800,INVALID,300,LI_CONT_xi1,NEUTRAL,ISO_z8,0.995649,5.2008e-18,3.86479e+17,10,-5.7e-14,0.0e+00
R1000,VALID,300,LI_CONT_xi1,NEUTRAL,BRI,0.999995,40.674,0.00111619,9,-2.3e-13,0.0e+00
R1000,INVALID,300,LI_CONT_xi1,NEUTRAL,ISO_z2,0.999995,8.91566e-10,5.09217e+07,9,-2.3e-13,0.0e+00
R1000,INVALID,300,LI_CONT_xi1,NEUTRAL,ISO_z4,0.999995,1.95429e-20,2.32309e+18,9,-2.3e-13,0.0e+00
R1000,INVALID,300,LI_CONT_xi1,NEUTRAL,ISO_z8,0.999995,9.38994e-42,4.83496e+39,9,-2.3e-13,0.0e+00
A600,VALID,300,PAB,LOCAL,BRI,0.0368564,1.49911,1.50757,11,-7.1e-15,3.6e-15
A600,VALID,300,PAB,LOCAL,ISO_z2,0.0368564,1.39064,1.62515,11,-7.1e-15,3.6e-15
A600,VALID,300,PAB,LOCAL,ISO_z4,0.0368564,1.29002,1.75191,11,-7.1e-15,3.6e-15
A600,VALID,300,PAB,LOCAL,ISO_z8,0.0368564,1.1101,2.03586,11,-7.1e-15,3.6e-15
R500,VALID,300,PAB,LOCAL,BRI,0.0947212,3.85271,0.978532,10,3.6e-14,7.1e-14
R500,VALID,300,PAB,LOCAL,ISO_z2,0.0947212,3.15741,1.19402,10,3.6e-14,7.1e-14
R500,VALID,300,PAB,LOCAL,ISO_z4,0.0947212,2.58759,1.45695,10,3.6e-14,7.1e-14
R500,VALID,300,PAB,LOCAL,ISO_z8,0.0947212,1.7379,2.16928,10,3.6e-14,7.1e-14
R600,VALID,300,PAB,LOCAL,BRI,0.208942,8.49853,0.461256,9,-1.3e-13,2.0e-13
R600,VALID,300,PAB,LOCAL,ISO_z2,0.208942,5.31816,0.737098,9,-1.3e-13,2.0e-13
R600,VALID,300,PAB,LOCAL,ISO_z4,0.208942,3.32796,1.1779,9,-1.3e-13,2.0e-13
R600,VALID,300,PAB,LOCAL,ISO_z8,0.208942,1.3032,3.00797,9,-1.3e-13,2.0e-13
R800,VALID,300,PAB,LOCAL,BRI,0.344486,14.0117,0.143452,8,-2.8e-14,7.1e-15
R800,VALID,300,PAB,LOCAL,ISO_z2,0.344486,6.0208,0.333843,8,-2.8e-14,7.1e-15
R800,VALID,300,PAB,LOCAL,ISO_z4,0.344486,2.58713,0.776921,8,-2.8e-14,7.1e-15
R800,VALID,300,PAB,LOCAL,ISO_z8,0.344486,0.477692,4.20773,8,-2.8e-14,7.1e-15
R1000,VALID,300,PAB,LOCAL,BRI,0.609364,24.7854,0.00183172,6,-7.6e-11,4.1e-10
R1000,VALID,300,PAB,LOCAL,ISO_z2,0.609364,3.78216,0.0120037,6,-7.6e-11,4.1e-10
R1000,VALID,300,PAB,LOCAL,ISO_z4,0.609364,0.577144,0.0786632,6,-7.6e-11,4.1e-10
R1000,INVALID,300,PAB,LOCAL,ISO_z8,0.609364,0.0134392,3.37818,6,-7.6e-11,4.1e-10
A600,VALID,300,HAM,LOCAL,BRI,0.140305,5.70678,0.39602,11,-3.6e-15,2.1e-14
A600,VALID,300,HAM,LOCAL,ISO_z2,0.140305,4.21774,0.535831,11,-3.6e-15,2.1e-14
A600,VALID,300,HAM,LOCAL,ISO_z4,0.140305,3.11723,0.725002,11,-3.6e-15,2.1e-14
A600,VALID,300,HAM,LOCAL,ISO_z8,0.140305,1.70274,1.32728,11,-3.6e-15,2.1e-14
R500,VALID,300,HAM,LOCAL,BRI,0.330134,13.428,0.280758,10,0.0e+00,7.1e-15
R500,VALID,300,HAM,LOCAL,ISO_z2,0.330134,6.02539,0.625686,10,0.0e+00,7.1e-15
R500,VALID,300,HAM,LOCAL,ISO_z4,0.330134,2.70371,1.39438,10,0.0e+00,7.1e-15
R500,VALID,300,HAM,LOCAL,ISO_z8,0.330134,0.544391,6.92517,10,0.0e+00,7.1e-15
R600,VALID,300,HAM,LOCAL,BRI,0.592935,24.1172,0.16254,9,-2.8e-14,8.5e-14
R600,VALID,300,HAM,LOCAL,ISO_z2,0.592935,3.99626,0.980918,9,-2.8e-14,8.5e-14
R600,VALID,300,HAM,LOCAL,ISO_z4,0.592935,0.662187,5.91978,9,-2.8e-14,8.5e-14
R600,INVALID,300,HAM,LOCAL,ISO_z8,0.592935,0.0181817,215.601,9,-2.8e-14,8.5e-14
R800,VALID,300,HAM,LOCAL,BRI,0.76501,31.1161,0.0645967,8,8.5e-14,2.3e-13
R800,VALID,300,HAM,LOCAL,ISO_z2,0.76501,1.71825,1.1698,8,8.5e-14,2.3e-13
R800,INVALID,300,HAM,LOCAL,ISO_z4,0.76501,0.0948826,21.1841,8,8.5e-14,2.3e-13
R800,INVALID,300,HAM,LOCAL,ISO_z8,0.76501,0.000289326,6947.19,8,8.5e-14,2.3e-13
R1000,VALID,300,HAM,LOCAL,BRI,0.906144,36.8567,0.0012318,6,3.1e-10,6.5e-10
R1000,INVALID,300,HAM,LOCAL,ISO_z2,0.906144,0.324666,0.139836,6,3.1e-10,6.5e-10
R1000,INVALID,300,HAM,LOCAL,ISO_z4,0.906144,0.00285994,15.8745,6,3.1e-10,6.5e-10
R1000,INVALID,300,HAM,LOCAL,ISO_z8,0.906144,2.2192e-07,204578,6,3.1e-10,6.5e-10
A600,VALID,300,LI_SBR1,LOCAL,BRI,0.175042,7.11971,0.317429,11,3.6e-15,7.1e-15
A600,VALID,300,LI_SBR1,LOCAL,ISO_z2,0.175042,4.84535,0.466426,11,3.6e-15,7.1e-15
A600,VALID,300,LI_SBR1,LOCAL,ISO_z4,0.175042,3.29753,0.685362,11,3.6e-15,7.1e-15
A600,VALID,300,LI_SBR1,LOCAL,ISO_z8,0.175042,1.52727,1.47977,11,3.6e-15,7.1e-15
R500,VALID,300,LI_SBR1,LOCAL,BRI,0.405689,16.5011,0.22847,10,0.0e+00,3.6e-14
R500,VALID,300,LI_SBR1,LOCAL,ISO_z2,0.405689,5.82827,0.646847,10,0.0e+00,3.6e-14
R500,VALID,300,LI_SBR1,LOCAL,ISO_z4,0.405689,2.05858,1.83136,10,0.0e+00,3.6e-14
R500,INVALID,300,LI_SBR1,LOCAL,ISO_z8,0.405689,0.256816,14.6798,10,0.0e+00,3.6e-14
R600,VALID,300,LI_SBR1,LOCAL,BRI,0.689154,28.0308,0.139846,9,1.4e-14,5.7e-14
R600,VALID,300,LI_SBR1,LOCAL,ISO_z2,0.689154,2.70848,1.44731,9,1.4e-14,5.7e-14
R600,INVALID,300,LI_SBR1,LOCAL,ISO_z4,0.689154,0.261708,14.9785,9,1.4e-14,5.7e-14
R600,INVALID,300,LI_SBR1,LOCAL,ISO_z8,0.689154,0.00244342,1604.31,9,1.4e-14,5.7e-14
R800,VALID,300,LI_SBR1,LOCAL,BRI,0.842218,34.2565,0.058675,8,0.0e+00,5.7e-14
R800,VALID,300,LI_SBR1,LOCAL,ISO_z2,0.842218,0.852824,2.35688,8,0.0e+00,5.7e-14
R800,INVALID,300,LI_SBR1,LOCAL,ISO_z4,0.842218,0.0212312,94.6718,8,0.0e+00,5.7e-14
R800,INVALID,300,LI_SBR1,LOCAL,ISO_z8,0.842218,1.31585e-05,152753,8,0.0e+00,5.7e-14
R1000,VALID,300,LI_SBR1,LOCAL,BRI,0.957529,38.9467,0.00116569,6,9.3e-11,2.3e-13
R1000,INVALID,300,LI_SBR1,LOCAL,ISO_z2,0.957529,0.0702505,0.646259,6,9.3e-11,2.3e-13
R1000,INVALID,300,LI_SBR1,LOCAL,ISO_z4,0.957529,0.000126715,358.285,6,9.3e-11,2.3e-13
R1000,INVALID,300,LI_SBR1,LOCAL,ISO_z8,0.957529,4.12272e-10,1.10121e+08,6,9.3e-11,2.3e-13
A600,VALID,300,LI_L2,LOCAL,BRI,0.164692,6.69872,0.337378,11,0.0e+00,5.3e-15
A600,VALID,300,LI_L2,LOCAL,ISO_z2,0.164692,4.67396,0.48353,11,0.0e+00,5.3e-15
A600,VALID,300,LI_L2,LOCAL,ISO_z4,0.164692,3.2612,0.692995,11,0.0e+00,5.3e-15
A600,VALID,300,LI_L2,LOCAL,ISO_z8,0.164692,1.58768,1.42346,11,0.0e+00,5.3e-15
R500,VALID,300,LI_L2,LOCAL,BRI,0.384048,15.6208,0.241344,10,2.1e-14,4.3e-14
R500,VALID,300,LI_L2,LOCAL,ISO_z2,0.384048,5.9265,0.636126,10,2.1e-14,4.3e-14
R500,VALID,300,LI_L2,LOCAL,ISO_z4,0.384048,2.2485,1.67667,10,2.1e-14,4.3e-14
R500,INVALID,300,LI_L2,LOCAL,ISO_z8,0.384048,0.323654,11.6482,10,2.1e-14,4.3e-14
R600,VALID,300,LI_L2,LOCAL,BRI,0.666401,27.1053,0.144621,9,-2.8e-14,4.3e-14
R600,VALID,300,LI_L2,LOCAL,ISO_z2,0.666401,3.0165,1.29952,9,-2.8e-14,4.3e-14
R600,INVALID,300,LI_L2,LOCAL,ISO_z4,0.666401,0.335701,11.677,9,-2.8e-14,4.3e-14
R600,INVALID,300,LI_L2,LOCAL,ISO_z8,0.666401,0.00415769,942.832,9,-2.8e-14,4.3e-14
R800,VALID,300,LI_L2,LOCAL,BRI,0.830394,33.7756,0.0595104,8,-1.1e-13,5.7e-14
R800,VALID,300,LI_L2,LOCAL,ISO_z2,0.830394,0.971595,2.06876,8,-1.1e-13,5.7e-14
R800,INVALID,300,LI_L2,LOCAL,ISO_z4,0.830394,0.0279491,71.9165,8,-1.1e-13,5.7e-14
R800,INVALID,300,LI_L2,LOCAL,ISO_z8,0.830394,2.31277e-05,86908.8,8,-1.1e-13,5.7e-14
R1000,VALID,300,LI_L2,LOCAL,BRI,0.962147,39.1345,0.0011601,6,1.8e-10,6.8e-13
R1000,INVALID,300,LI_L2,LOCAL,ISO_z2,0.962147,0.0560745,0.809637,6,1.8e-10,6.8e-13
R1000,INVALID,300,LI_L2,LOCAL,ISO_z4,0.962147,8.03473e-05,565.047,6,1.8e-10,6.8e-13
R1000,INVALID,300,LI_L2,LOCAL,ISO_z8,0.962147,1.64961e-10,2.75216e+08,6,1.8e-10,6.8e-13
A600,VALID,300,LI_CONT_xi0.25,LOCAL,BRI,0.0957499,3.89455,0.580298,16,1.3e-11,4.1e-12
A600,VALID,300,LI_CONT_xi0.25,LOCAL,ISO_z2,0.0957499,3.18445,0.709699,16,1.3e-11,4.1e-12
A600,VALID,300,LI_CONT_xi0.25,LOCAL,ISO_z4,0.0957499,2.60382,0.867955,16,1.3e-11,4.1e-12
A600,VALID,300,LI_CONT_xi0.25,LOCAL,ISO_z8,0.0957499,1.74087,1.2982,16,1.3e-11,4.1e-12
R500,VALID,300,LI_CONT_xi0.25,LOCAL,BRI,0.171169,6.96214,0.5415,12,3.4e-11,1.4e-11
R500,VALID,300,LI_CONT_xi0.25,LOCAL,ISO_z2,0.171169,4.78272,0.788254,12,3.4e-11,1.4e-11
R500,VALID,300,LI_CONT_xi0.25,LOCAL,ISO_z4,0.171169,3.28555,1.14745,12,3.4e-11,1.4e-11
R500,VALID,300,LI_CONT_xi0.25,LOCAL,ISO_z8,0.171169,1.5505,2.43147,12,3.4e-11,1.4e-11
R600,VALID,300,LI_CONT_xi0.25,LOCAL,BRI,0.223143,9.07615,0.431901,9,5.7e-14,1.5e-16
R600,VALID,300,LI_CONT_xi0.25,LOCAL,ISO_z2,0.223143,5.47752,0.715652,9,5.7e-14,1.5e-16
R600,VALID,300,LI_CONT_xi0.25,LOCAL,ISO_z4,0.223143,3.30572,1.18582,9,5.7e-14,1.5e-16
R600,VALID,300,LI_CONT_xi0.25,LOCAL,ISO_z8,0.223143,1.20401,3.25578,9,5.7e-14,1.5e-16
R800,VALID,300,LI_CONT_xi0.25,LOCAL,BRI,0.24054,9.78378,0.205442,8,-5.7e-14,5.6e-16
R800,VALID,300,LI_CONT_xi0.25,LOCAL,ISO_z2,0.24054,5.64308,0.356188,8,-5.7e-14,5.6e-16
R800,VALID,300,LI_CONT_xi0.25,LOCAL,ISO_z4,0.24054,3.25481,0.617548,8,-5.7e-14,5.6e-16
R800,VALID,300,LI_CONT_xi0.25,LOCAL,ISO_z8,0.24054,1.08279,1.85631,8,-5.7e-14,5.6e-16
R1000,VALID,300,LI_CONT_xi0.25,LOCAL,BRI,0.249,10.1279,0.00448267,6,-9.3e-11,8.3e-13
R1000,VALID,300,LI_CONT_xi0.25,LOCAL,ISO_z2,0.249,5.71213,0.00794799,6,-9.3e-11,8.3e-13
R1000,VALID,300,LI_CONT_xi0.25,LOCAL,ISO_z4,0.249,3.22165,0.0140922,6,-9.3e-11,8.3e-13
R1000,VALID,300,LI_CONT_xi0.25,LOCAL,ISO_z8,0.249,1.02479,0.0443016,6,-9.3e-11,8.3e-13
A600,VALID,300,LI_CONT_xi0.5,LOCAL,BRI,0.0817867,3.32661,0.67937,16,5.9e-12,3.4e-12
A600,VALID,300,LI_CONT_xi0.5,LOCAL,ISO_z2,0.0817867,2.80472,0.805786,16,5.9e-12,3.4e-12
A600,VALID,300,LI_CONT_xi0.5,LOCAL,ISO_z4,0.0817867,2.3647,0.955724,16,5.9e-12,3.4e-12
A600,VALID,300,LI_CONT_xi0.5,LOCAL,ISO_z8,0.0817867,1.68093,1.34449,16,5.9e-12,3.4e-12
R500,VALID,300,LI_CONT_xi0.5,LOCAL,BRI,0.157353,6.40019,0.589045,15,-3.6e-11,1.6e-11
R500,VALID,300,LI_CONT_xi0.5,LOCAL,ISO_z2,0.157353,4.54448,0.829577,15,-3.6e-11,1.6e-11
R500,VALID,300,LI_CONT_xi0.5,LOCAL,ISO_z4,0.157353,3.22683,1.16833,15,-3.6e-11,1.6e-11
R500,VALID,300,LI_CONT_xi0.5,LOCAL,ISO_z8,0.157353,1.6269,2.3173,15,-3.6e-11,1.6e-11
R600,VALID,300,LI_CONT_xi0.5,LOCAL,BRI,0.217568,8.84939,0.442969,9,1.4e-14,2.8e-16
R600,VALID,300,LI_CONT_xi0.5,LOCAL,ISO_z2,0.217568,5.4176,0.723568,9,1.4e-14,2.8e-16
R600,VALID,300,LI_CONT_xi0.5,LOCAL,ISO_z4,0.217568,3.31666,1.18191,9,1.4e-14,2.8e-16
R600,VALID,300,LI_CONT_xi0.5,LOCAL,ISO_z8,0.217568,1.24305,3.15354,9,1.4e-14,2.8e-16
R800,VALID,300,LI_CONT_xi0.5,LOCAL,BRI,0.238933,9.71841,0.206824,8,2.8e-14,3.3e-16
R800,VALID,300,LI_CONT_xi0.5,LOCAL,ISO_z2,0.238933,5.62913,0.357071,8,2.8e-14,3.3e-16
R800,VALID,300,LI_CONT_xi0.5,LOCAL,ISO_z4,0.238933,3.26052,0.616467,8,2.8e-14,3.3e-16
R800,VALID,300,LI_CONT_xi0.5,LOCAL,ISO_z8,0.238933,1.0939,1.83746,8,2.8e-14,3.3e-16
R1000,VALID,300,LI_CONT_xi0.5,LOCAL,BRI,0.248924,10.1248,0.00448405,6,-1.8e-10,1.3e-12
R1000,VALID,300,LI_CONT_xi0.5,LOCAL,ISO_z2,0.248924,5.71154,0.00794882,6,-1.8e-10,1.3e-12
R1000,VALID,300,LI_CONT_xi0.5,LOCAL,ISO_z4,0.248924,3.22197,0.0140908,6,-1.8e-10,1.3e-12
R1000,VALID,300,LI_CONT_xi0.5,LOCAL,ISO_z8,0.248924,1.02531,0.0442791,6,-1.8e-10,1.3e-12
A600,VALID,300,LI_CONT_xi1,LOCAL,BRI,0.0626867,2.54973,0.886368,13,1.2e-11,2.1e-12
A600,VALID,300,LI_CONT_xi1,LOCAL,ISO_z2,0.0626867,2.24008,1.00889,13,1.2e-11,2.1e-12
A600,VALID,300,LI_CONT_xi1,LOCAL,ISO_z4,0.0626867,1.96804,1.14835,13,1.2e-11,2.1e-12
A600,VALID,300,LI_CONT_xi1,LOCAL,ISO_z8,0.0626867,1.51905,1.48777,13,1.2e-11,2.1e-12
R500,VALID,300,LI_CONT_xi1,LOCAL,BRI,0.133121,5.41457,0.69627,18,-1.1e-11,1.2e-11
R500,VALID,300,LI_CONT_xi1,LOCAL,ISO_z2,0.133121,4.06894,0.926531,18,-1.1e-11,1.2e-11
R500,VALID,300,LI_CONT_xi1,LOCAL,ISO_z4,0.133121,3.05773,1.23294,18,-1.1e-11,1.2e-11
R500,VALID,300,LI_CONT_xi1,LOCAL,ISO_z8,0.133121,1.72677,2.18327,18,-1.1e-11,1.2e-11
R600,VALID,300,LI_CONT_xi1,LOCAL,BRI,0.204888,8.33366,0.470381,9,-4.3e-14,3.1e-16
R600,VALID,300,LI_CONT_xi1,LOCAL,ISO_z2,0.204888,5.26856,0.744036,9,-4.3e-14,3.1e-16
R600,VALID,300,LI_CONT_xi1,LOCAL,ISO_z4,0.204888,3.3308,1.17689,9,-4.3e-14,3.1e-16
R600,VALID,300,LI_CONT_xi1,LOCAL,ISO_z8,0.204888,1.33126,2.94459,9,-4.3e-14,3.1e-16
R800,VALID,300,LI_CONT_xi1,LOCAL,BRI,0.235004,9.55861,0.210282,8,0.0e+00,5.0e-16
R800,VALID,300,LI_CONT_xi1,LOCAL,ISO_z2,0.235004,5.59387,0.359322,8,0.0e+00,5.0e-16
R800,VALID,300,LI_CONT_xi1,LOCAL,ISO_z4,0.235004,3.27364,0.613996,8,0.0e+00,5.0e-16
R800,VALID,300,LI_CONT_xi1,LOCAL,ISO_z8,0.235004,1.12116,1.79279,8,0.0e+00,5.0e-16
R1000,VALID,300,LI_CONT_xi1,LOCAL,BRI,0.24875,10.1177,0.00448718,6,-6.1e-10,2.7e-12
R1000,VALID,300,LI_CONT_xi1,LOCAL,ISO_z2,0.24875,5.7102,0.00795069,6,-6.1e-10,2.7e-12
R1000,VALID,300,LI_CONT_xi1,LOCAL,ISO_z4,0.24875,3.2227,0.0140876,6,-6.1e-10,2.7e-12
R1000,VALID,300,LI_CONT_xi1,LOCAL,ISO_z8,0.24875,1.0265,0.0442281,6,-6.1e-10,2.7e-12
